nombre,ruta,tipo,categoria,estado,motivo_estado,triangulos,caja_cm,duracion_s,carpeta,origen,autor,uso,refs_mapas,refs_bp,refs_otros,refs_codigo,fuente,nota
Salute,/Game/Animations/Character/TortugaDemo/Salute,ObjectRedirector,Redirector,deprecado,Redirector de un asset movido o renombrado: se quita con Fix Up Redirectors,,,,/Game/Animations/Character/TortugaDemo,Humano,Alvaro2rh,sin usar,0,0,0,0,,Animation Blueprint y Blend Space hechos en el editor (Alvaro2rh) · Pendiente: #31
Yelling,/Game/Animations/Character/TortugaDemo/Yelling,ObjectRedirector,Redirector,deprecado,Redirector de un asset movido o renombrado: se quita con Fix Up Redirectors,,,,/Game/Animations/Character/TortugaDemo,Humano,Alvaro2rh,sin usar,0,0,0,0,,Animation Blueprint y Blend Space hechos en el editor (Alvaro2rh) · Pendiente: #31
ABP_Normal,/Game/Animations/Character/TortugaDemo/ABP/ABP_Normal,AnimBlueprint,Animación,placeholder,Animación de la tortuga de demo,,,,/Game/Animations/Character/TortugaDemo/ABP,Humano,Alvaro2rh,"1 (0 mapas, 1 BP)",0,1,0,0,,Animation Blueprint y Blend Space hechos en el editor (Alvaro2rh)
ABS_Walk,/Game/Animations/Character/TortugaDemo/ABS/ABS_Walk,BlendSpace1D,Animación,placeholder,Animación de la tortuga de demo,,,,/Game/Animations/Character/TortugaDemo/ABS,Humano,Alvaro2rh,"1 (0 mapas, 1 BP)",0,1,0,0,,Animation Blueprint y Blend Space hechos en el editor (Alvaro2rh)
0,/Game/Audio/DanceSounds/0,SoundWave,Sonido,final,,,,15.14,/Game/Audio/DanceSounds,Humano,Mokius,"1 (0 mapas, 1 BP)",0,1,0,0,,"Sonidos elegidos por el equipo (Mokius, MiguelilloElPillo); licencia sin registrar"
1,/Game/Audio/DanceSounds/1,SoundWave,Sonido,final,,,,9.47,/Game/Audio/DanceSounds,Humano,Mokius,"1 (0 mapas, 1 BP)",0,1,0,0,,"Sonidos elegidos por el equipo (Mokius, MiguelilloElPillo); licencia sin registrar"
2,/Game/Audio/DanceSounds/2,SoundWave,Sonido,final,,,,12.03,/Game/Audio/DanceSounds,Humano,Mokius,"1 (0 mapas, 1 BP)",0,1,0,0,,"Sonidos elegidos por el equipo (Mokius, MiguelilloElPillo); licencia sin registrar"
3,/Game/Audio/DanceSounds/3,SoundWave,Sonido,final,,,,9.17,/Game/Audio/DanceSounds,Humano,Mokius,"1 (0 mapas, 1 BP)",0,1,0,0,,"Sonidos elegidos por el equipo (Mokius, MiguelilloElPillo); licencia sin registrar"
4,/Game/Audio/DanceSounds/4,SoundWave,Sonido,final,,,,7.45,/Game/Audio/DanceSounds,Humano,Mokius,"1 (0 mapas, 1 BP)",0,1,0,0,,"Sonidos elegidos por el equipo (Mokius, MiguelilloElPillo); licencia sin registrar"
5,/Game/Audio/DanceSounds/5,SoundWave,Sonido,final,,,,4.32,/Game/Audio/DanceSounds,Humano,Mokius,"3 (0 mapas, 3 BP)",0,3,0,0,,"Sonidos elegidos por el equipo (Mokius, MiguelilloElPillo); licencia sin registrar"
6,/Game/Audio/DanceSounds/6,SoundWave,Sonido,final,,,,8.36,/Game/Audio/DanceSounds,Humano,Mokius,"1 (0 mapas, 1 BP)",0,1,0,0,,"Sonidos elegidos por el equipo (Mokius, MiguelilloElPillo); licencia sin registrar"
7,/Game/Audio/DanceSounds/7,SoundWave,Sonido,final,,,,28.14,/Game/Audio/DanceSounds,Humano,Mokius,"1 (0 mapas, 1 BP)",0,1,0,0,,"Sonidos elegidos por el equipo (Mokius, MiguelilloElPillo); licencia sin registrar"
8,/Game/Audio/DanceSounds/8,SoundWave,Sonido,final,,,,1.93,/Game/Audio/DanceSounds,Humano,Mokius,"2 (0 mapas, 2 BP)",0,2,0,0,,"Sonidos elegidos por el equipo (Mokius, MiguelilloElPillo); licencia sin registrar"
9,/Game/Audio/DanceSounds/9,SoundWave,Sonido,final,,,,39.47,/Game/Audio/DanceSounds,Humano,Mokius,"1 (0 mapas, 1 BP)",0,1,0,0,,"Sonidos elegidos por el equipo (Mokius, MiguelilloElPillo); licencia sin registrar"
Consume,/Game/Audio/EffectSounds/Consume/Consume,SoundWave,Sonido,final,,,,0.41,/Game/Audio/EffectSounds/Consume,Humano,MiguelilloElPillo,"1 (0 mapas, 1 BP)",0,1,1,0,,"Sonidos elegidos por el equipo (Mokius, MiguelilloElPillo); licencia sin registrar"
KillSound,/Game/Audio/EffectSounds/Kill/KillSound,SoundWave,Sonido,final,,,,0.37,/Game/Audio/EffectSounds/Kill,Humano,MiguelilloElPillo,"1 (0 mapas, 1 BP)",0,1,0,0,,"Sonidos elegidos por el equipo (Mokius, MiguelilloElPillo); licencia sin registrar"
Pickup,/Game/Audio/EffectSounds/Pickup/Pickup,SoundWave,Sonido,final,,,,0.45,/Game/Audio/EffectSounds/Pickup,Humano,MiguelilloElPillo,indirecto: DT_Items,0,0,1,0,,"Sonidos elegidos por el equipo (Mokius, MiguelilloElPillo); licencia sin registrar"
SC_Throw,/Game/Audio/EffectSounds/Throw/SC_Throw,SoundCue,Sonido,final,,,,0.66,/Game/Audio/EffectSounds/Throw,Humano,MiguelilloElPillo,sin usar,0,0,0,0,,"Sonidos elegidos por el equipo (Mokius, MiguelilloElPillo); licencia sin registrar · Pendiente: #348"
ThrowSound_1,/Game/Audio/EffectSounds/Throw/ThrowSound_1,SoundWave,Sonido,final,,,,0.66,/Game/Audio/EffectSounds/Throw,Humano,MiguelilloElPillo,sin usar,0,0,1,0,,"Sonidos elegidos por el equipo (Mokius, MiguelilloElPillo); licencia sin registrar · Pendiente: #348"
ThrowSound_2,/Game/Audio/EffectSounds/Throw/ThrowSound_2,SoundWave,Sonido,final,,,,0.46,/Game/Audio/EffectSounds/Throw,Humano,MiguelilloElPillo,sin usar,0,0,1,0,,"Sonidos elegidos por el equipo (Mokius, MiguelilloElPillo); licencia sin registrar · Pendiente: #348"
ThrowSound_3,/Game/Audio/EffectSounds/Throw/ThrowSound_3,SoundWave,Sonido,final,,,,0.43,/Game/Audio/EffectSounds/Throw,Humano,MiguelilloElPillo,sin usar,0,0,1,0,,"Sonidos elegidos por el equipo (Mokius, MiguelilloElPillo); licencia sin registrar · Pendiente: #348"
TotugasLobbyMusica,/Game/Audio/Music/TotugasLobbyMusica,SoundWave,Sonido,final,,,,41.21,/Game/Audio/Music,Humano,MiguelilloElPillo,"1 (1 mapas, 0 BP)",1,0,0,0,,"Sonidos elegidos por el equipo (Mokius, MiguelilloElPillo); licencia sin registrar"
BP_Net,/Game/Blueprints/BP_Net,ObjectRedirector,Redirector,deprecado,Redirector de un asset movido o renombrado: se quita con Fix Up Redirectors,,,,/Game/Blueprints,Humano,Alvaro2rh,sin usar,0,0,0,0,,Hecho en el editor por el equipo · Pendiente: #31
BP_Net,/Game/Blueprints/Builder/BP_Net,Blueprint,Blueprint,placeholder,Greybox: pieza del blockout del lobby,,,,/Game/Blueprints/Builder,Humano,Alvaro2rh,"1 (1 mapas, 0 BP)",1,0,1,0,,Piezas del blockout del lobby montadas en el editor (Alvaro2rh)
BP_Floor10x10_0,/Game/Blueprints/Builder/Floors/BP_Floor10x10_0,Blueprint,Blueprint,placeholder,Greybox: pieza del blockout del lobby,,,,/Game/Blueprints/Builder/Floors,Humano,Alvaro2rh,"1 (1 mapas, 0 BP)",1,0,0,0,,Piezas del blockout del lobby montadas en el editor (Alvaro2rh)
BP_Floor_14x8_0,/Game/Blueprints/Builder/Floors/BP_Floor_14x8_0,Blueprint,Blueprint,deprecado,Sin usar y pendiente de la limpieza (#31),,,,/Game/Blueprints/Builder/Floors,Humano,Alvaro2rh,sin usar,0,0,0,0,,Piezas del blockout del lobby montadas en el editor (Alvaro2rh) · Pendiente: #31
BP_Floor_50x50_0,/Game/Blueprints/Builder/Floors/BP_Floor_50x50_0,Blueprint,Blueprint,deprecado,Sin usar y pendiente de la limpieza (#31),,,,/Game/Blueprints/Builder/Floors,Humano,Alvaro2rh,sin usar,0,0,0,0,,Piezas del blockout del lobby montadas en el editor (Alvaro2rh) · Pendiente: #31
BP_Diana01_0,/Game/Blueprints/Builder/Furniture/BP_Diana01_0,Blueprint,Blueprint,deprecado,Sin usar y pendiente de la limpieza (#31),,,,/Game/Blueprints/Builder/Furniture,Humano,Alvaro2rh,sin usar,0,0,0,0,,Piezas del blockout del lobby montadas en el editor (Alvaro2rh) · Pendiente: #31
BP_Diana02_0,/Game/Blueprints/Builder/Furniture/BP_Diana02_0,Blueprint,Blueprint,deprecado,Sin usar y pendiente de la limpieza (#31),,,,/Game/Blueprints/Builder/Furniture,Humano,Alvaro2rh,sin usar,0,0,0,0,,Piezas del blockout del lobby montadas en el editor (Alvaro2rh) · Pendiente: #31
BP_Marcador_0,/Game/Blueprints/Builder/Furniture/BP_Marcador_0,Blueprint,Blueprint,deprecado,Sin usar y pendiente de la limpieza (#31),,,,/Game/Blueprints/Builder/Furniture,Humano,Alvaro2rh,sin usar,0,0,0,0,,Piezas del blockout del lobby montadas en el editor (Alvaro2rh) · Pendiente: #31
BP_ShellDoor_0,/Game/Blueprints/Builder/Furniture/BP_ShellDoor_0,Blueprint,Blueprint,placeholder,Greybox: pieza del blockout del lobby,,,,/Game/Blueprints/Builder/Furniture,Humano,Alvaro2rh,"1 (1 mapas, 0 BP)",1,0,0,0,,Piezas del blockout del lobby montadas en el editor (Alvaro2rh)
BP_ShopTent_0,/Game/Blueprints/Builder/Furniture/BP_ShopTent_0,Blueprint,Blueprint,deprecado,Sin usar y pendiente de la limpieza (#31),,,,/Game/Blueprints/Builder/Furniture,Humano,Alvaro2rh,sin usar,0,0,0,0,,Piezas del blockout del lobby montadas en el editor (Alvaro2rh) · Pendiente: #31
BP_Table_0,/Game/Blueprints/Builder/Furniture/BP_Table_0,Blueprint,Blueprint,deprecado,Sin usar y pendiente de la limpieza (#31),,,,/Game/Blueprints/Builder/Furniture,Humano,Alvaro2rh,sin usar,0,0,0,0,,Piezas del blockout del lobby montadas en el editor (Alvaro2rh) · Pendiente: #31
BP_Table_00,/Game/Blueprints/Builder/Furniture/BP_Table_00,Blueprint,Blueprint,deprecado,Sin usar y pendiente de la limpieza (#31),,,,/Game/Blueprints/Builder/Furniture,Humano,Alvaro2rh,sin usar,0,0,0,0,,Piezas del blockout del lobby montadas en el editor (Alvaro2rh) · Pendiente: #31
BP_TriangleTentWall_6x2_0,/Game/Blueprints/Builder/Furniture/BP_TriangleTentWall_6x2_0,Blueprint,Blueprint,deprecado,Sin usar y pendiente de la limpieza (#31),,,,/Game/Blueprints/Builder/Furniture,Humano,Alvaro2rh,sin usar,0,0,0,0,,Piezas del blockout del lobby montadas en el editor (Alvaro2rh) · Pendiente: #31
BP_TurtleEgg_0,/Game/Blueprints/Builder/Furniture/BP_TurtleEgg_0,Blueprint,Blueprint,deprecado,Sin usar y pendiente de la limpieza (#31),,,,/Game/Blueprints/Builder/Furniture,Humano,Alvaro2rh,sin usar,0,0,0,0,,Piezas del blockout del lobby montadas en el editor (Alvaro2rh) · Pendiente: #31
BP_VestidorBotella_0,/Game/Blueprints/Builder/Furniture/BP_VestidorBotella_0,Blueprint,Blueprint,placeholder,Greybox: pieza del blockout del lobby,,,,/Game/Blueprints/Builder/Furniture,Humano,Alvaro2rh,"1 (1 mapas, 0 BP)",1,0,0,0,,Piezas del blockout del lobby montadas en el editor (Alvaro2rh)
SM_ChangingTent_0,/Game/Blueprints/Builder/Furniture/SM_ChangingTent_0,ObjectRedirector,Redirector,deprecado,Redirector de un asset movido o renombrado: se quita con Fix Up Redirectors,,,,/Game/Blueprints/Builder/Furniture,Humano,Alvaro2rh,"1 (1 mapas, 0 BP)",1,0,0,0,,Piezas del blockout del lobby montadas en el editor (Alvaro2rh)
SM_CommandPost_0,/Game/Blueprints/Builder/Furniture/SM_CommandPost_0,Blueprint,Blueprint,placeholder,Greybox: pieza del blockout del lobby,,,,/Game/Blueprints/Builder/Furniture,Humano,Alvaro2rh,indirecto: SM_ChangingTent_0,0,0,1,0,,Piezas del blockout del lobby montadas en el editor (Alvaro2rh)
SM_Palo,/Game/Blueprints/Builder/Furniture/SM_Palo,Blueprint,Blueprint,placeholder,Greybox: pieza del blockout del lobby,,,,/Game/Blueprints/Builder/Furniture,Humano,Alvaro2rh,"1 (1 mapas, 0 BP)",1,0,0,0,,Piezas del blockout del lobby montadas en el editor (Alvaro2rh)
BP_Tower_0,/Game/Blueprints/Builder/Towers/BP_Tower_0,Blueprint,Blueprint,placeholder,Greybox: pieza del blockout del lobby,,,,/Game/Blueprints/Builder/Towers,Humano,Alvaro2rh,"3 (3 mapas, 0 BP)",3,0,0,0,,Piezas del blockout del lobby montadas en el editor (Alvaro2rh)
BP_BallWall,/Game/Blueprints/Builder/Walls/BP_BallWall,Blueprint,Blueprint,deprecado,Sin usar y pendiente de la limpieza (#31),,,,/Game/Blueprints/Builder/Walls,Humano,Alvaro2rh,sin usar,0,0,0,0,,Piezas del blockout del lobby montadas en el editor (Alvaro2rh) · Pendiente: #31
BP_Fence_1x3,/Game/Blueprints/Builder/Walls/BP_Fence_1x3,Blueprint,Blueprint,placeholder,Greybox: pieza del blockout del lobby,,,,/Game/Blueprints/Builder/Walls,Humano,Alvaro2rh,"1 (1 mapas, 0 BP)",1,0,0,0,,Piezas del blockout del lobby montadas en el editor (Alvaro2rh)
BP_Fence_2x4_0,/Game/Blueprints/Builder/Walls/BP_Fence_2x4_0,Blueprint,Blueprint,placeholder,Greybox: pieza del blockout del lobby,,,,/Game/Blueprints/Builder/Walls,Humano,Alvaro2rh,"2 (2 mapas, 0 BP)",2,0,0,0,,Piezas del blockout del lobby montadas en el editor (Alvaro2rh)
BP_Fence_3x4_0,/Game/Blueprints/Builder/Walls/BP_Fence_3x4_0,Blueprint,Blueprint,placeholder,Greybox: pieza del blockout del lobby,,,,/Game/Blueprints/Builder/Walls,Humano,Alvaro2rh,"3 (3 mapas, 0 BP)",3,0,0,0,,Piezas del blockout del lobby montadas en el editor (Alvaro2rh)
BP_Fence_4x1,/Game/Blueprints/Builder/Walls/BP_Fence_4x1,ObjectRedirector,Redirector,deprecado,Redirector de un asset movido o renombrado: se quita con Fix Up Redirectors,,,,/Game/Blueprints/Builder/Walls,Humano,Alvaro2rh,sin usar,0,0,0,0,,Piezas del blockout del lobby montadas en el editor (Alvaro2rh) · Pendiente: #31
BP_Fence_4x4_0,/Game/Blueprints/Builder/Walls/BP_Fence_4x4_0,Blueprint,Blueprint,placeholder,Greybox: pieza del blockout del lobby,,,,/Game/Blueprints/Builder/Walls,Humano,Alvaro2rh,"3 (3 mapas, 0 BP)",3,0,0,0,,Piezas del blockout del lobby montadas en el editor (Alvaro2rh)
BP_Fence_6x4_0,/Game/Blueprints/Builder/Walls/BP_Fence_6x4_0,Blueprint,Blueprint,placeholder,Greybox: pieza del blockout del lobby,,,,/Game/Blueprints/Builder/Walls,Humano,Alvaro2rh,"1 (1 mapas, 0 BP)",1,0,0,0,,Piezas del blockout del lobby montadas en el editor (Alvaro2rh)
BP_FenceDoor_3x4_0,/Game/Blueprints/Builder/Walls/BP_FenceDoor_3x4_0,Blueprint,Blueprint,placeholder,Greybox: pieza del blockout del lobby,,,,/Game/Blueprints/Builder/Walls,Humano,Alvaro2rh,"3 (3 mapas, 0 BP)",3,0,0,0,,Piezas del blockout del lobby montadas en el editor (Alvaro2rh)
BP_FenceWall_1x10,/Game/Blueprints/Builder/Walls/BP_FenceWall_1x10,ObjectRedirector,Redirector,deprecado,Redirector de un asset movido o renombrado: se quita con Fix Up Redirectors,,,,/Game/Blueprints/Builder/Walls,Humano,Alvaro2rh,sin usar,0,0,0,0,,Piezas del blockout del lobby montadas en el editor (Alvaro2rh) · Pendiente: #31
BP_FenceWall_1x2,/Game/Blueprints/Builder/Walls/BP_FenceWall_1x2,ObjectRedirector,Redirector,deprecado,Redirector de un asset movido o renombrado: se quita con Fix Up Redirectors,,,,/Game/Blueprints/Builder/Walls,Humano,Alvaro2rh,sin usar,0,0,0,0,,Piezas del blockout del lobby montadas en el editor (Alvaro2rh) · Pendiente: #31
BP_FootballFence_4x1,/Game/Blueprints/Builder/Walls/BP_FootballFence_4x1,Blueprint,Blueprint,placeholder,Greybox: pieza del blockout del lobby,,,,/Game/Blueprints/Builder/Walls,Humano,Alvaro2rh,"1 (1 mapas, 0 BP)",1,0,1,0,,Piezas del blockout del lobby montadas en el editor (Alvaro2rh)
BP_FootballWall_1x10,/Game/Blueprints/Builder/Walls/BP_FootballWall_1x10,Blueprint,Blueprint,deprecado,Sin usar y pendiente de la limpieza (#31),,,,/Game/Blueprints/Builder/Walls,Humano,Alvaro2rh,sin usar,0,0,1,0,,Piezas del blockout del lobby montadas en el editor (Alvaro2rh) · Pendiente: #31
BP_FootballWall_1x2,/Game/Blueprints/Builder/Walls/BP_FootballWall_1x2,Blueprint,Blueprint,deprecado,Sin usar y pendiente de la limpieza (#31),,,,/Game/Blueprints/Builder/Walls,Humano,Alvaro2rh,sin usar,0,0,1,0,,Piezas del blockout del lobby montadas en el editor (Alvaro2rh) · Pendiente: #31
BP_TentWall,/Game/Blueprints/Builder/Walls/BP_TentWall,Blueprint,Blueprint,deprecado,Sin usar y pendiente de la limpieza (#31),,,,/Game/Blueprints/Builder/Walls,Humano,Alvaro2rh,sin usar,0,0,0,0,,Piezas del blockout del lobby montadas en el editor (Alvaro2rh) · Pendiente: #31
BP_TentWall_2x2_0,/Game/Blueprints/Builder/Walls/BP_TentWall_2x2_0,Blueprint,Blueprint,deprecado,Sin usar y pendiente de la limpieza (#31),,,,/Game/Blueprints/Builder/Walls,Humano,Alvaro2rh,sin usar,0,0,0,0,,Piezas del blockout del lobby montadas en el editor (Alvaro2rh) · Pendiente: #31
BP_TortugaCharacter,/Game/Blueprints/Characters/BP_TortugaCharacter,Blueprint,Blueprint,final,,,,,/Game/Blueprints/Characters,Humano,Mokius,"3 (0 mapas, 3 BP) + código",0,3,0,1,,Tortuga del jugador: piezas a mano fusionadas en el editor
SK_Tortuga_Merged,/Game/Blueprints/Characters/SK_Tortuga_Merged,Skeleton,Esqueleto y física,deprecado,Sin usar y pendiente de la limpieza (#31),,,,/Game/Blueprints/Characters,Humano,SkiTemplar (Rodrigo),sin usar,0,0,1,0,,Tortuga del jugador: piezas a mano fusionadas en el editor · Pendiente: #31
SKM_Tortuga_Merged,/Game/Blueprints/Characters/SKM_Tortuga_Merged,SkeletalMesh,Malla,deprecado,Sin usar y pendiente de la limpieza (#31),720,200x144x159,,/Game/Blueprints/Characters,Humano,SkiTemplar (Rodrigo),sin usar,0,0,0,0,,Tortuga del jugador: piezas a mano fusionadas en el editor · Pendiente: #31
SKM_Tortuga_Merged_Physics,/Game/Blueprints/Characters/SKM_Tortuga_Merged_Physics,PhysicsAsset,Esqueleto y física,final,,,,,/Game/Blueprints/Characters,Humano,SkiTemplar (Rodrigo),"1 (0 mapas, 1 BP)",0,1,0,0,,Tortuga del jugador: piezas a mano fusionadas en el editor
Calamar,/Game/Blueprints/Characters/Meshes/Calamar,StaticMesh,Malla,final,,192,40x158x40,,/Game/Blueprints/Characters/Meshes,Humano,Mokius,"2 (1 mapas, 1 BP)",1,1,1,0,,"Modelos a mano de María, subidos por Mokius (abril)"
ConchaAbierta,/Game/Blueprints/Characters/Meshes/ConchaAbierta,StaticMesh,Malla,final,,200,152x144x132,,/Game/Blueprints/Characters/Meshes,Humano,Mokius,"2 (1 mapas, 1 BP) + código",1,1,0,1,,"Modelos a mano de María, subidos por Mokius (abril)"
ConchaCerrada,/Game/Blueprints/Characters/Meshes/ConchaCerrada,StaticMesh,Malla,final,,200,152x122x89,,/Game/Blueprints/Characters/Meshes,Humano,Mokius,"2 (1 mapas, 1 BP) + código",1,1,1,1,,"Modelos a mano de María, subidos por Mokius (abril)"
MiniCangrejo,/Game/Blueprints/Characters/Meshes/MiniCangrejo,StaticMesh,Malla,final,,306,20x65x33,,/Game/Blueprints/Characters/Meshes,Humano,Mokius,"1 (1 mapas, 0 BP) + código",1,0,0,1,,"Modelos a mano de María, subidos por Mokius (abril)"
Peluche1,/Game/Blueprints/Characters/Meshes/Peluche1,StaticMesh,Malla,final,,244,62x60x77,,/Game/Blueprints/Characters/Meshes,Humano,Mokius,indirecto: DT_Items,0,0,1,0,,"Modelos a mano de María, subidos por Mokius (abril)"
Piedra1,/Game/Blueprints/Characters/Meshes/Piedra1,StaticMesh,Malla,final,,64,67x66x43,,/Game/Blueprints/Characters/Meshes,Humano,Mokius,"2 (1 mapas, 1 BP) + código",1,1,1,1,,"Modelos a mano de María, subidos por Mokius (abril)"
PinzasCangrejoAbierto,/Game/Blueprints/Characters/Meshes/PinzasCangrejoAbierto,StaticMesh,Malla,final,,76,66x144x168,,/Game/Blueprints/Characters/Meshes,Humano,Mokius,"1 (1 mapas, 0 BP) + código",1,0,0,1,,"Modelos a mano de María, subidos por Mokius (abril)"
PinzasCangrejoCerrado,/Game/Blueprints/Characters/Meshes/PinzasCangrejoCerrado,StaticMesh,Malla,final,,76,66x137x199,,/Game/Blueprints/Characters/Meshes,Humano,Mokius,"1 (1 mapas, 0 BP)",1,0,0,0,,"Modelos a mano de María, subidos por Mokius (abril)"
Plantano,/Game/Blueprints/Characters/Meshes/Plantano,StaticMesh,Malla,final,,128,67x67x38,,/Game/Blueprints/Characters/Meshes,Humano,Mokius,"2 (1 mapas, 1 BP)",1,1,0,0,,"Modelos a mano de María, subidos por Mokius (abril)"
SK_MiniCangrejo,/Game/Blueprints/Characters/Meshes/SK_MiniCangrejo,Skeleton,Esqueleto y física,final,,,,,/Game/Blueprints/Characters/Meshes,Humano,Mokius,indirecto: SKM_MiniCangrejo,0,0,1,0,,"Modelos a mano de María, subidos por Mokius (abril)"
SKM_MiniCangrejo,/Game/Blueprints/Characters/Meshes/SKM_MiniCangrejo,SkeletalMesh,Malla,final,,308,20x65x33,,/Game/Blueprints/Characters/Meshes,Humano,Mokius,"1 (0 mapas, 1 BP)",0,1,0,0,,"Modelos a mano de María, subidos por Mokius (abril)"
camalar,/Game/Blueprints/Characters/Textures/camalar,Material,Material,final,,,,,/Game/Blueprints/Characters/Textures,Humano,Mokius,indirecto: Calamar,0,0,1,0,,"Materiales a mano de María, subidos por Mokius (abril)"
cangrejo,/Game/Blueprints/Characters/Textures/cangrejo,Material,Material,final,,,,,/Game/Blueprints/Characters/Textures,Humano,Mokius,"indirecto: MiniCangrejo, PinzasCangrejoAbierto, PinzasCangrejoCerrado",0,0,4,0,,"Materiales a mano de María, subidos por Mokius (abril)"
concha,/Game/Blueprints/Characters/Textures/concha,Material,Material,final,,,,,/Game/Blueprints/Characters/Textures,Humano,Mokius,"indirecto: ConchaAbierta, ConchaCerrada",0,0,2,0,,"Materiales a mano de María, subidos por Mokius (abril)"
gorro1,/Game/Blueprints/Characters/Textures/gorro1,Material,Material,deprecado,Sin usar y pendiente de la limpieza (#31),,,,/Game/Blueprints/Characters/Textures,Humano,Mokius,sin usar,0,0,0,0,,"Materiales a mano de María, subidos por Mokius (abril) · Pendiente: #31"
gorro2,/Game/Blueprints/Characters/Textures/gorro2,Material,Material,final,,,,,/Game/Blueprints/Characters/Textures,Humano,Mokius,"indirecto: ConchaAbierta, ConchaCerrada",0,0,2,0,,"Materiales a mano de María, subidos por Mokius (abril)"
gorro3,/Game/Blueprints/Characters/Textures/gorro3,Material,Material,deprecado,Sin usar y pendiente de la limpieza (#31),,,,/Game/Blueprints/Characters/Textures,Humano,Mokius,sin usar,0,0,0,0,,"Materiales a mano de María, subidos por Mokius (abril) · Pendiente: #31"
peluche,/Game/Blueprints/Characters/Textures/peluche,Material,Material,final,,,,,/Game/Blueprints/Characters/Textures,Humano,Mokius,indirecto: Peluche1,0,0,1,0,,"Materiales a mano de María, subidos por Mokius (abril)"
piedra,/Game/Blueprints/Characters/Textures/piedra,Material,Material,final,,,,,/Game/Blueprints/Characters/Textures,Humano,Mokius,"1 (0 mapas, 1 BP)",0,1,3,0,,"Materiales a mano de María, subidos por Mokius (abril)"
platano,/Game/Blueprints/Characters/Textures/platano,Material,Material,final,,,,,/Game/Blueprints/Characters/Textures,Humano,Mokius,indirecto: Plantano,0,0,1,0,,"Materiales a mano de María, subidos por Mokius (abril)"
BP_GameInstance,/Game/Blueprints/Gameplay/Controllers/BP_GameInstance,Blueprint,Blueprint,final,,,,,/Game/Blueprints/Gameplay/Controllers,Humano,SkiTemplar (Rodrigo),código C++,0,0,0,1,,Hecho en el editor por el equipo
BP_GamePlayerController,/Game/Blueprints/Gameplay/Controllers/BP_GamePlayerController,Blueprint,Blueprint,final,,,,,/Game/Blueprints/Gameplay/Controllers,Humano,Mokius,"2 (0 mapas, 2 BP) + código",0,2,0,1,,Hecho en el editor por el equipo
BP_MenuPlayerController,/Game/Blueprints/Gameplay/Controllers/BP_MenuPlayerController,Blueprint,Blueprint,final,,,,,/Game/Blueprints/Gameplay/Controllers,Humano,Mokius,"1 (0 mapas, 1 BP)",0,1,0,0,,Hecho en el editor por el equipo
IA_DropItem,/Game/Blueprints/Gameplay/Controls/IA_DropItem,InputAction,Entrada,final,,,,,/Game/Blueprints/Gameplay/Controls,Humano,SkiTemplar (Rodrigo),indirecto: IMC_Player + código,0,0,1,1,,Hecho en el editor por el equipo
IA_Emote,/Game/Blueprints/Gameplay/Controls/IA_Emote,InputAction,Entrada,final,,,,,/Game/Blueprints/Gameplay/Controls,Humano,SkiTemplar (Rodrigo),"1 (0 mapas, 1 BP)",0,1,0,0,,Hecho en el editor por el equipo
IA_Emote1,/Game/Blueprints/Gameplay/Controls/IA_Emote1,InputAction,Entrada,final,,,,,/Game/Blueprints/Gameplay/Controls,Humano,SkiTemplar (Rodrigo),"1 (0 mapas, 1 BP)",0,1,0,0,,Hecho en el editor por el equipo
IA_Emote2,/Game/Blueprints/Gameplay/Controls/IA_Emote2,InputAction,Entrada,final,,,,,/Game/Blueprints/Gameplay/Controls,Humano,SkiTemplar (Rodrigo),"1 (0 mapas, 1 BP)",0,1,0,0,,Hecho en el editor por el equipo
IA_Emote3,/Game/Blueprints/Gameplay/Controls/IA_Emote3,InputAction,Entrada,final,,,,,/Game/Blueprints/Gameplay/Controls,Humano,SkiTemplar (Rodrigo),"1 (0 mapas, 1 BP)",0,1,0,0,,Hecho en el editor por el equipo
IA_Emote4,/Game/Blueprints/Gameplay/Controls/IA_Emote4,InputAction,Entrada,final,,,,,/Game/Blueprints/Gameplay/Controls,Humano,SkiTemplar (Rodrigo),"1 (0 mapas, 1 BP)",0,1,0,0,,Hecho en el editor por el equipo
IA_Emote5,/Game/Blueprints/Gameplay/Controls/IA_Emote5,InputAction,Entrada,final,,,,,/Game/Blueprints/Gameplay/Controls,Humano,SkiTemplar (Rodrigo),"1 (0 mapas, 1 BP)",0,1,0,0,,Hecho en el editor por el equipo
IA_Emote6,/Game/Blueprints/Gameplay/Controls/IA_Emote6,InputAction,Entrada,final,,,,,/Game/Blueprints/Gameplay/Controls,Humano,SkiTemplar (Rodrigo),"1 (0 mapas, 1 BP)",0,1,0,0,,Hecho en el editor por el equipo
IA_Emote7,/Game/Blueprints/Gameplay/Controls/IA_Emote7,InputAction,Entrada,final,,,,,/Game/Blueprints/Gameplay/Controls,Humano,SkiTemplar (Rodrigo),"1 (0 mapas, 1 BP)",0,1,0,0,,Hecho en el editor por el equipo
IA_Emote8,/Game/Blueprints/Gameplay/Controls/IA_Emote8,InputAction,Entrada,final,,,,,/Game/Blueprints/Gameplay/Controls,Humano,SkiTemplar (Rodrigo),"1 (0 mapas, 1 BP)",0,1,0,0,,Hecho en el editor por el equipo
IA_Emote9,/Game/Blueprints/Gameplay/Controls/IA_Emote9,InputAction,Entrada,final,,,,,/Game/Blueprints/Gameplay/Controls,Humano,SkiTemplar (Rodrigo),"1 (0 mapas, 1 BP)",0,1,0,0,,Hecho en el editor por el equipo
IA_Interact,/Game/Blueprints/Gameplay/Controls/IA_Interact,InputAction,Entrada,final,,,,,/Game/Blueprints/Gameplay/Controls,Humano,SkiTemplar (Rodrigo),indirecto: IMC_Player + código,0,0,1,1,,Hecho en el editor por el equipo
IA_Jump,/Game/Blueprints/Gameplay/Controls/IA_Jump,InputAction,Entrada,final,,,,,/Game/Blueprints/Gameplay/Controls,Humano,Mokius,indirecto: IMC_Player + código,0,0,1,1,,Hecho en el editor por el equipo
IA_Look,/Game/Blueprints/Gameplay/Controls/IA_Look,InputAction,Entrada,final,,,,,/Game/Blueprints/Gameplay/Controls,Humano,Mokius,indirecto: IMC_Player + código,0,0,1,1,,Hecho en el editor por el equipo
IA_Move,/Game/Blueprints/Gameplay/Controls/IA_Move,InputAction,Entrada,final,,,,,/Game/Blueprints/Gameplay/Controls,Humano,Mokius,indirecto: IMC_Player + código,0,0,1,1,,Hecho en el editor por el equipo
IA_OpenChatWheel,/Game/Blueprints/Gameplay/Controls/IA_OpenChatWheel,InputAction,Entrada,final,,,,,/Game/Blueprints/Gameplay/Controls,Humano,Mokius,indirecto: IMC_Player + código,0,0,1,1,,Hecho en el editor por el equipo
IA_OpenEmoteWheel,/Game/Blueprints/Gameplay/Controls/IA_OpenEmoteWheel,InputAction,Entrada,final,,,,,/Game/Blueprints/Gameplay/Controls,Humano,Mokius,indirecto: IMC_Player + código,0,0,1,1,,Hecho en el editor por el equipo
IA_Quit,/Game/Blueprints/Gameplay/Controls/IA_Quit,InputAction,Entrada,final,,,,,/Game/Blueprints/Gameplay/Controls,Humano,SkiTemplar (Rodrigo),"1 (0 mapas, 1 BP)",0,1,0,0,,Hecho en el editor por el equipo
IA_RadialNavigate,/Game/Blueprints/Gameplay/Controls/IA_RadialNavigate,InputAction,Entrada,final,,,,,/Game/Blueprints/Gameplay/Controls,Humano,Mokius,indirecto: IMC_Player + código,0,0,1,1,,Hecho en el editor por el equipo
IA_RotateInventory,/Game/Blueprints/Gameplay/Controls/IA_RotateInventory,InputAction,Entrada,final,,,,,/Game/Blueprints/Gameplay/Controls,Humano,SkiTemplar (Rodrigo),indirecto: IMC_Player + código,0,0,1,1,,Hecho en el editor por el equipo
IA_Shell,/Game/Blueprints/Gameplay/Controls/IA_Shell,InputAction,Entrada,final,,,,,/Game/Blueprints/Gameplay/Controls,Humano,SkiTemplar (Rodrigo),indirecto: IMC_Player + código,0,0,1,1,,Hecho en el editor por el equipo
IA_Sprint,/Game/Blueprints/Gameplay/Controls/IA_Sprint,InputAction,Entrada,final,,,,,/Game/Blueprints/Gameplay/Controls,Humano,Mokius,indirecto: IMC_Player + código,0,0,1,1,,Hecho en el editor por el equipo
IMC_Player,/Game/Blueprints/Gameplay/Controls/IMC_Player,InputMappingContext,Entrada,final,,,,,/Game/Blueprints/Gameplay/Controls,Humano,Mokius,código C++,0,0,0,1,,Hecho en el editor por el equipo
BP_HatStatue,/Game/Blueprints/Gameplay/Cosmetics/BP_HatStatue,Blueprint,Blueprint,final,,,,,/Game/Blueprints/Gameplay/Cosmetics,Humano,Mokius,"1 (1 mapas, 0 BP) + código",1,0,0,1,,Hecho en el editor por el equipo
BP_SkinStatue,/Game/Blueprints/Gameplay/Cosmetics/BP_SkinStatue,Blueprint,Blueprint,final,,,,,/Game/Blueprints/Gameplay/Cosmetics,Humano,Mokius,"1 (1 mapas, 0 BP) + código",1,0,0,1,,Hecho en el editor por el equipo
DA_EmoteWheelCatalog,/Game/Blueprints/Gameplay/Data/DA_EmoteWheelCatalog,TN_EmoteWheelDataAsset,Datos,final,,,,,/Game/Blueprints/Gameplay/Data,Humano,Mokius,"2 (0 mapas, 2 BP)",0,2,0,0,,Hecho en el editor por el equipo
DA_QuickChatWheelCatalog,/Game/Blueprints/Gameplay/Data/DA_QuickChatWheelCatalog,TN_QuickChatWheelDataAsset,Datos,final,,,,,/Game/Blueprints/Gameplay/Data,Humano,Mokius,"1 (0 mapas, 1 BP)",0,1,0,0,,Hecho en el editor por el equipo
BP_CrabActor,/Game/Blueprints/Gameplay/Enemies/Crabs/BP_CrabActor,Blueprint,Blueprint,final,,,,,/Game/Blueprints/Gameplay/Enemies/Crabs,Humano,SkiTemplar (Rodrigo),"2 (1 mapas, 1 BP)",1,1,0,0,,Hecho en el editor por el equipo
BP_CrabSpawnZone,/Game/Blueprints/Gameplay/Enemies/Crabs/BP_CrabSpawnZone,Blueprint,Blueprint,final,,,,,/Game/Blueprints/Gameplay/Enemies/Crabs,Humano,SkiTemplar (Rodrigo),"4 (1 mapas, 3 BP) + código",1,3,5,1,,Hecho en el editor por el equipo
BP_QuadActor,/Game/Blueprints/Gameplay/Enemies/Quad/BP_QuadActor,Blueprint,Blueprint,final,,,,,/Game/Blueprints/Gameplay/Enemies/Quad,Humano,SkiTemplar (Rodrigo),"2 (1 mapas, 1 BP) + código",1,1,0,1,,Hecho en el editor por el equipo
BP_QuadSpawner,/Game/Blueprints/Gameplay/Enemies/Quad/BP_QuadSpawner,Blueprint,Blueprint,final,,,,,/Game/Blueprints/Gameplay/Enemies/Quad,Humano,SkiTemplar (Rodrigo),"4 (1 mapas, 3 BP)",1,3,0,0,,Hecho en el editor por el equipo
BP_DroppingSpawnZone,/Game/Blueprints/Gameplay/Enemies/Seagull/BP_DroppingSpawnZone,Blueprint,Blueprint,final,,,,,/Game/Blueprints/Gameplay/Enemies/Seagull,Humano,SkiTemplar (Rodrigo),"1 (1 mapas, 0 BP)",1,0,0,0,,Hecho en el editor por el equipo
BP_EnemySeagull,/Game/Blueprints/Gameplay/Enemies/Seagull/BP_EnemySeagull,Blueprint,Blueprint,final,,,,,/Game/Blueprints/Gameplay/Enemies/Seagull,Humano,SkiTemplar (Rodrigo),"3 (1 mapas, 2 BP) + código",1,2,0,1,,Hecho en el editor por el equipo
BP_SeagullDropping,/Game/Blueprints/Gameplay/Enemies/Seagull/BP_SeagullDropping,Blueprint,Blueprint,final,,,,,/Game/Blueprints/Gameplay/Enemies/Seagull,Humano,SkiTemplar (Rodrigo),"1 (1 mapas, 0 BP)",1,0,0,0,,Hecho en el editor por el equipo
BP_SeagullSpawnZone,/Game/Blueprints/Gameplay/Enemies/Seagull/BP_SeagullSpawnZone,Blueprint,Blueprint,final,,,,,/Game/Blueprints/Gameplay/Enemies/Seagull,Humano,SkiTemplar (Rodrigo),"6 (1 mapas, 5 BP) + código",1,5,3,1,,Hecho en el editor por el equipo
BP_HQGameMode,/Game/Blueprints/Gameplay/GameModes/BP_HQGameMode,Blueprint,Blueprint,final,,,,,/Game/Blueprints/Gameplay/GameModes,Humano,Mokius,"2 (2 mapas, 0 BP)",2,0,0,0,,Hecho en el editor por el equipo
BP_MenuGameMode,/Game/Blueprints/Gameplay/GameModes/BP_MenuGameMode,Blueprint,Blueprint,final,,,,,/Game/Blueprints/Gameplay/GameModes,Humano,Mokius,"1 (1 mapas, 0 BP) + código",1,0,0,1,,Hecho en el editor por el equipo
BP_RunGameMode,/Game/Blueprints/Gameplay/GameModes/BP_RunGameMode,Blueprint,Blueprint,final,,,,,/Game/Blueprints/Gameplay/GameModes,Humano,Mokius,"3 (3 mapas, 0 BP)",3,0,0,0,,Hecho en el editor por el equipo
BP_BananaPeel,/Game/Blueprints/Gameplay/Hazards/BP_BananaPeel,Blueprint,Blueprint,final,,,,,/Game/Blueprints/Gameplay/Hazards,Humano,SkiTemplar (Rodrigo),"5 (3 mapas, 2 BP) + código",3,2,2,1,,Hecho en el editor por el equipo
BP_BouncePhysicsObject,/Game/Blueprints/Gameplay/Hazards/BP_BouncePhysicsObject,Blueprint,Blueprint,final,,,,,/Game/Blueprints/Gameplay/Hazards,Humano,SkiTemplar (Rodrigo),"2 (1 mapas, 1 BP)",1,1,0,0,,Hecho en el editor por el equipo
BP_DeathZoneVolume,/Game/Blueprints/Gameplay/Hazards/BP_DeathZoneVolume,Blueprint,Blueprint,final,,,,,/Game/Blueprints/Gameplay/Hazards,Humano,SkiTemplar (Rodrigo),"11 (0 mapas, 11 BP)",0,11,0,0,,Hecho en el editor por el equipo
BP_SlowZoneVolume,/Game/Blueprints/Gameplay/Hazards/BP_SlowZoneVolume,Blueprint,Blueprint,final,,,,,/Game/Blueprints/Gameplay/Hazards,Humano,SkiTemplar (Rodrigo),"8 (1 mapas, 7 BP) + código",1,7,2,1,,Hecho en el editor por el equipo
BP_ButtonGroupManager,/Game/Blueprints/Gameplay/Interaction/BP_ButtonGroupManager,Blueprint,Blueprint,final,,,,,/Game/Blueprints/Gameplay/Interaction,Humano,SkiTemplar (Rodrigo),"1 (1 mapas, 0 BP)",1,0,0,0,,Hecho en el editor por el equipo
BP_ButtonInteractable,/Game/Blueprints/Gameplay/Interaction/BP_ButtonInteractable,Blueprint,Blueprint,final,,,,,/Game/Blueprints/Gameplay/Interaction,Humano,SkiTemplar (Rodrigo),"12 (1 mapas, 11 BP)",1,11,0,0,,Hecho en el editor por el equipo
BP_FinishLineVolume,/Game/Blueprints/Gameplay/Interaction/BP_FinishLineVolume,Blueprint,Blueprint,final,,,,,/Game/Blueprints/Gameplay/Interaction,Humano,Mokius,"2 (1 mapas, 1 BP)",1,1,0,0,,Hecho en el editor por el equipo
BP_PressurePlate,/Game/Blueprints/Gameplay/Interaction/BP_PressurePlate,Blueprint,Blueprint,final,,,,,/Game/Blueprints/Gameplay/Interaction,Humano,SkiTemplar (Rodrigo),"2 (1 mapas, 1 BP)",1,1,0,0,,Hecho en el editor por el equipo
BP_PressurePlateGroupManager,/Game/Blueprints/Gameplay/Interaction/BP_PressurePlateGroupManager,Blueprint,Blueprint,final,,,,,/Game/Blueprints/Gameplay/Interaction,Humano,SkiTemplar (Rodrigo),"2 (1 mapas, 1 BP)",1,1,0,0,,Hecho en el editor por el equipo
BP_StormVolume,/Game/Blueprints/Gameplay/Interaction/BP_StormVolume,Blueprint,Blueprint,final,,,,,/Game/Blueprints/Gameplay/Interaction,Humano,Mokius,"1 (1 mapas, 0 BP)",1,0,0,0,,Hecho en el editor por el equipo
BP_UmbrellaInteractable,/Game/Blueprints/Gameplay/Interaction/BP_UmbrellaInteractable,Blueprint,Blueprint,final,,,,,/Game/Blueprints/Gameplay/Interaction,Humano,SkiTemplar (Rodrigo),"4 (1 mapas, 3 BP)",1,3,0,0,,Hecho en el editor por el equipo
BP_ConchPickUp,/Game/Blueprints/Gameplay/Items/BP_ConchPickUp,Blueprint,Blueprint,final,,,,,/Game/Blueprints/Gameplay/Items,Humano,SkiTemplar (Rodrigo),indirecto: DT_Items,0,0,1,0,,Hecho en el editor por el equipo
BP_GenericPickup,/Game/Blueprints/Gameplay/Items/BP_GenericPickup,Blueprint,Blueprint,final,,,,,/Game/Blueprints/Gameplay/Items,Humano,SkiTemplar (Rodrigo),indirecto: DT_Items,0,0,1,0,,Hecho en el editor por el equipo
BP_GenericThrowable,/Game/Blueprints/Gameplay/Items/BP_GenericThrowable,Blueprint,Blueprint,final,,,,,/Game/Blueprints/Gameplay/Items,Humano,SkiTemplar (Rodrigo),indirecto: DT_Items,0,0,1,0,,Hecho en el editor por el equipo
BP_InkProjectile,/Game/Blueprints/Gameplay/Items/BP_InkProjectile,Blueprint,Blueprint,final,,,,,/Game/Blueprints/Gameplay/Items,Humano,SkiTemplar (Rodrigo),indirecto: DT_Items,0,0,1,0,,Hecho en el editor por el equipo
BP_ItemSpawnZone,/Game/Blueprints/Gameplay/Items/BP_ItemSpawnZone,Blueprint,Blueprint,final,,,,,/Game/Blueprints/Gameplay/Items,Humano,SkiTemplar (Rodrigo),"13 (2 mapas, 11 BP) + código",2,11,8,1,,Hecho en el editor por el equipo
BP_JellyfishActor,/Game/Blueprints/Gameplay/Items/BP_JellyfishActor,Blueprint,Blueprint,final,,,,,/Game/Blueprints/Gameplay/Items,Humano,Mokius,"6 (0 mapas, 6 BP) + código",0,6,2,1,,Hecho en el editor por el equipo
BP_RescuePickUp,/Game/Blueprints/Gameplay/Items/BP_RescuePickUp,Blueprint,Blueprint,final,,,,,/Game/Blueprints/Gameplay/Items,Humano,SkiTemplar (Rodrigo),"1 (0 mapas, 1 BP) + código",0,1,0,1,,Hecho en el editor por el equipo
BP_ScorePickup,/Game/Blueprints/Gameplay/Items/BP_ScorePickup,Blueprint,Blueprint,final,,,,,/Game/Blueprints/Gameplay/Items,Humano,SkiTemplar (Rodrigo),"indirecto: DA_Biome_Beach, DA_Biome_Desert, DA_Biome_Human + código",0,0,8,1,,Hecho en el editor por el equipo
DT_Items,/Game/Blueprints/Gameplay/Items/DT_Items,DataTable,Datos,final,,,,,/Game/Blueprints/Gameplay/Items,Humano,SkiTemplar (Rodrigo),"14 (2 mapas, 12 BP) + código",2,12,0,1,,Hecho en el editor por el equipo
BP_SeagullActor,/Game/Blueprints/Gameplay/OLD/BP_SeagullActor,Blueprint,Blueprint,deprecado,Carpeta OLD: pendiente de pasar a /Game/_Deprecado,,,,/Game/Blueprints/Gameplay/OLD,Humano,SkiTemplar (Rodrigo),"4 (1 mapas, 3 BP)",1,3,0,0,,Hecho en el editor por el equipo
WBP_CoopFlowHUDWidget,/Game/Blueprints/Gameplay/Widgets/WBP_CoopFlowHUDWidget,WidgetBlueprint,Widget,final,,,,,/Game/Blueprints/Gameplay/Widgets,Humano,Mokius,"12 (0 mapas, 12 BP)",0,12,0,0,,Hecho en el editor por el equipo
WBP_EmoteWheel,/Game/Blueprints/Gameplay/Widgets/WBP_EmoteWheel,WidgetBlueprint,Widget,final,,,,,/Game/Blueprints/Gameplay/Widgets,Humano,Mokius,"1 (0 mapas, 1 BP)",0,1,0,0,,Hecho en el editor por el equipo
WBP_LoadingScreenWidget,/Game/Blueprints/Gameplay/Widgets/WBP_LoadingScreenWidget,WidgetBlueprint,Widget,final,,,,,/Game/Blueprints/Gameplay/Widgets,Humano,Mokius,"1 (0 mapas, 1 BP)",0,1,0,0,,Hecho en el editor por el equipo
WBP_MainMenuWidget,/Game/Blueprints/Gameplay/Widgets/WBP_MainMenuWidget,WidgetBlueprint,Widget,final,,,,,/Game/Blueprints/Gameplay/Widgets,Humano,Mokius,"1 (0 mapas, 1 BP)",0,1,0,0,,Hecho en el editor por el equipo
WBP_PlayerHUDWidget,/Game/Blueprints/Gameplay/Widgets/WBP_PlayerHUDWidget,WidgetBlueprint,Widget,final,,,,,/Game/Blueprints/Gameplay/Widgets,Humano,Mokius,"1 (0 mapas, 1 BP)",0,1,0,0,,Hecho en el editor por el equipo
WBP_QuickChatFeedEntry,/Game/Blueprints/Gameplay/Widgets/WBP_QuickChatFeedEntry,WidgetBlueprint,Widget,final,,,,,/Game/Blueprints/Gameplay/Widgets,Humano,Mokius,"1 (0 mapas, 1 BP)",0,1,0,0,,Hecho en el editor por el equipo
WBP_QuickChatWheel,/Game/Blueprints/Gameplay/Widgets/WBP_QuickChatWheel,WidgetBlueprint,Widget,final,,,,,/Game/Blueprints/Gameplay/Widgets,Humano,Mokius,"1 (0 mapas, 1 BP)",0,1,0,0,,Hecho en el editor por el equipo
WBP_VoiceIndicator,/Game/Blueprints/Gameplay/Widgets/WBP_VoiceIndicator,WidgetBlueprint,Widget,final,,,,,/Game/Blueprints/Gameplay/Widgets,Humano,Mokius,"2 (0 mapas, 2 BP)",0,2,0,0,,Hecho en el editor por el equipo
LVL_LevelMetrics,/Game/Maps/LVL_LevelMetrics,World,Mapa,deprecado,Sin usar y pendiente de la limpieza (#31),,,,/Game/Maps,Humano,Alvaro2rh,sin usar,0,0,0,0,,Mapa montado a mano en el editor · Pendiente: #31
LVL_Transition,/Game/Maps/LVL_Transition,World,Mapa,final,,,,,/Game/Maps,Humano,SkiTemplar (Rodrigo),código C++,0,0,0,1,,Mapa montado a mano en el editor
Boolean_86856D53,/Game/Maps/_GENERATED/Alvaro/Boolean_86856D53,StaticMesh,Malla,deprecado,Sin usar y pendiente de la limpieza (#31),6,796x1125x459,,/Game/Maps/_GENERATED/Alvaro,Humano,Alvaro2rh,sin usar,0,0,0,0,,"Modelado a mano en el editor (Modeling Mode, carpetas _GENERATED de Alvaro2rh) · Pendiente: #31"
SM_6x2_Triangle,/Game/Maps/_GENERATED/Alvaro/SM_6x2_Triangle,StaticMesh,Malla,placeholder,Greybox: pieza del Modeling Mode,12,20x600x200,,/Game/Maps/_GENERATED/Alvaro,Humano,Alvaro2rh,"1 (0 mapas, 1 BP)",0,1,0,0,,"Modelado a mano en el editor (Modeling Mode, carpetas _GENERATED de Alvaro2rh)"
SM_Floor10x10,/Game/Maps/_GENERATED/Alvaro/SM_Floor10x10,StaticMesh,Malla,placeholder,Greybox: pieza del Modeling Mode,12,1000x1000x20,,/Game/Maps/_GENERATED/Alvaro,Humano,Alvaro2rh,"2 (1 mapas, 1 BP)",1,1,0,0,,"Modelado a mano en el editor (Modeling Mode, carpetas _GENERATED de Alvaro2rh)"
SM_Table,/Game/Maps/_GENERATED/Alvaro/SM_Table,StaticMesh,Malla,placeholder,Greybox: pieza del Modeling Mode,12,150x400x100,,/Game/Maps/_GENERATED/Alvaro,Humano,Alvaro2rh,"2 (1 mapas, 1 BP)",1,1,0,0,,"Modelado a mano en el editor (Modeling Mode, carpetas _GENERATED de Alvaro2rh)"
SM_TentCeilling,/Game/Maps/_GENERATED/Alvaro/SM_TentCeilling,StaticMesh,Malla,placeholder,Greybox: pieza del Modeling Mode,32,792x792x200,,/Game/Maps/_GENERATED/Alvaro,Humano,Alvaro2rh,"1 (1 mapas, 0 BP)",1,0,0,0,,"Modelado a mano en el editor (Modeling Mode, carpetas _GENERATED de Alvaro2rh)"
SM_Tower,/Game/Maps/_GENERATED/Alvaro/SM_Tower,StaticMesh,Malla,placeholder,Greybox: pieza del Modeling Mode,64,469x469x600,,/Game/Maps/_GENERATED/Alvaro,Humano,Alvaro2rh,"2 (1 mapas, 1 BP)",1,1,0,0,,"Modelado a mano en el editor (Modeling Mode, carpetas _GENERATED de Alvaro2rh)"
SM_Wall1x2,/Game/Maps/_GENERATED/Alvaro/SM_Wall1x2,StaticMesh,Malla,placeholder,Greybox: pieza del Modeling Mode,12,20x100x200,,/Game/Maps/_GENERATED/Alvaro,Humano,Alvaro2rh,"1 (1 mapas, 0 BP)",1,0,0,0,,"Modelado a mano en el editor (Modeling Mode, carpetas _GENERATED de Alvaro2rh)"
SM_Wall1x4,/Game/Maps/_GENERATED/Alvaro/SM_Wall1x4,StaticMesh,Malla,placeholder,Greybox: pieza del Modeling Mode,12,20x100x400,,/Game/Maps/_GENERATED/Alvaro,Humano,Alvaro2rh,"1 (1 mapas, 0 BP)",1,0,0,0,,"Modelado a mano en el editor (Modeling Mode, carpetas _GENERATED de Alvaro2rh)"
SM_Wall2x2,/Game/Maps/_GENERATED/Alvaro/SM_Wall2x2,StaticMesh,Malla,placeholder,Greybox: pieza del Modeling Mode,12,20x200x200,,/Game/Maps/_GENERATED/Alvaro,Humano,Alvaro2rh,"2 (1 mapas, 1 BP)",1,1,0,0,,"Modelado a mano en el editor (Modeling Mode, carpetas _GENERATED de Alvaro2rh)"
SM_Wall2x4,/Game/Maps/_GENERATED/Alvaro/SM_Wall2x4,StaticMesh,Malla,placeholder,Greybox: pieza del Modeling Mode,12,20x200x400,,/Game/Maps/_GENERATED/Alvaro,Humano,Alvaro2rh,"2 (1 mapas, 1 BP)",1,1,0,0,,"Modelado a mano en el editor (Modeling Mode, carpetas _GENERATED de Alvaro2rh)"
SM_Wall3x4,/Game/Maps/_GENERATED/Alvaro/SM_Wall3x4,StaticMesh,Malla,placeholder,Greybox: pieza del Modeling Mode,12,20x300x400,,/Game/Maps/_GENERATED/Alvaro,Humano,Alvaro2rh,"2 (0 mapas, 2 BP)",0,2,0,0,,"Modelado a mano en el editor (Modeling Mode, carpetas _GENERATED de Alvaro2rh)"
SM_Wall4x2,/Game/Maps/_GENERATED/Alvaro/SM_Wall4x2,StaticMesh,Malla,placeholder,Greybox: pieza del Modeling Mode,12,20x400x200,,/Game/Maps/_GENERATED/Alvaro,Humano,Alvaro2rh,"2 (1 mapas, 1 BP)",1,1,0,0,,"Modelado a mano en el editor (Modeling Mode, carpetas _GENERATED de Alvaro2rh)"
SM_Wall4x4,/Game/Maps/_GENERATED/Alvaro/SM_Wall4x4,StaticMesh,Malla,placeholder,Greybox: pieza del Modeling Mode,12,20x400x400,,/Game/Maps/_GENERATED/Alvaro,Humano,Alvaro2rh,"2 (1 mapas, 1 BP)",1,1,0,0,,"Modelado a mano en el editor (Modeling Mode, carpetas _GENERATED de Alvaro2rh)"
LVL_HQ,/Game/Maps/Lobby/LVL_HQ,World,Mapa,final,,,,,/Game/Maps/Lobby,Humano,Mokius,código C++,0,0,0,1,,Mapa montado a mano en el editor
LVL_Lobby,/Game/Maps/Lobby/LVL_Lobby,World,Mapa,final,,,,,/Game/Maps/Lobby,Humano,Alvaro2rh,código C++,0,0,0,1,,Mapa montado a mano en el editor
LVL_Menu,/Game/Maps/Lobby/LVL_Menu,World,Mapa,final,,,,,/Game/Maps/Lobby,Humano,Mokius,código C++,0,0,0,1,,Mapa montado a mano en el editor
Boolean_54F57CB4,/Game/Maps/Lobby/_GENERATED/Alvaro/Boolean_54F57CB4,StaticMesh,Malla,placeholder,Greybox: pieza del Modeling Mode,44,10x200x150,,/Game/Maps/Lobby/_GENERATED/Alvaro,Humano,Alvaro2rh,"1 (0 mapas, 1 BP)",0,1,0,0,,"Modelado a mano en el editor (Modeling Mode, carpetas _GENERATED de Alvaro2rh)"
Boolean_B5E47C60,/Game/Maps/Lobby/_GENERATED/Alvaro/Boolean_B5E47C60,StaticMesh,Malla,placeholder,Greybox: pieza del Modeling Mode,118,247x247x80,,/Game/Maps/Lobby/_GENERATED/Alvaro,Humano,Alvaro2rh,"2 (1 mapas, 1 BP)",1,1,0,0,,"Modelado a mano en el editor (Modeling Mode, carpetas _GENERATED de Alvaro2rh)"
Boolean_B69239ED,/Game/Maps/Lobby/_GENERATED/Alvaro/Boolean_B69239ED,StaticMesh,Malla,placeholder,Greybox: pieza del Modeling Mode,130,100x10x200,,/Game/Maps/Lobby/_GENERATED/Alvaro,Humano,Alvaro2rh,"1 (0 mapas, 1 BP)",0,1,0,0,,"Modelado a mano en el editor (Modeling Mode, carpetas _GENERATED de Alvaro2rh)"
Boolean_C4393346,/Game/Maps/Lobby/_GENERATED/Alvaro/Boolean_C4393346,StaticMesh,Malla,placeholder,Greybox: pieza del Modeling Mode,50,400x500x300,,/Game/Maps/Lobby/_GENERATED/Alvaro,Humano,Alvaro2rh,"2 (1 mapas, 1 BP)",1,1,0,0,,"Modelado a mano en el editor (Modeling Mode, carpetas _GENERATED de Alvaro2rh)"
Boolean_D320E69A,/Game/Maps/Lobby/_GENERATED/Alvaro/Boolean_D320E69A,StaticMesh,Malla,placeholder,Greybox: pieza del Modeling Mode,216,300x300x450,,/Game/Maps/Lobby/_GENERATED/Alvaro,Humano,Alvaro2rh,"1 (0 mapas, 1 BP)",0,1,0,0,,"Modelado a mano en el editor (Modeling Mode, carpetas _GENERATED de Alvaro2rh)"
Boolean_FA2F5863,/Game/Maps/Lobby/_GENERATED/Alvaro/Boolean_FA2F5863,StaticMesh,Malla,placeholder,Greybox: pieza del Modeling Mode,16,796x1125x459,,/Game/Maps/Lobby/_GENERATED/Alvaro,Humano,Alvaro2rh,"1 (0 mapas, 1 BP)",0,1,0,0,,"Modelado a mano en el editor (Modeling Mode, carpetas _GENERATED de Alvaro2rh)"
Box_16B3D5B5,/Game/Maps/Lobby/_GENERATED/Alvaro/Box_16B3D5B5,StaticMesh,Malla,placeholder,Greybox: pieza del Modeling Mode,12,200x20x100,,/Game/Maps/Lobby/_GENERATED/Alvaro,Humano,Alvaro2rh,"1 (0 mapas, 1 BP)",0,1,0,0,,"Modelado a mano en el editor (Modeling Mode, carpetas _GENERATED de Alvaro2rh)"
Box_1A682DAF,/Game/Maps/Lobby/_GENERATED/Alvaro/Box_1A682DAF,StaticMesh,Malla,deprecado,Sin usar y pendiente de la limpieza (#31),12,150x300x150,,/Game/Maps/Lobby/_GENERATED/Alvaro,Humano,Alvaro2rh,sin usar,0,0,0,0,,"Modelado a mano en el editor (Modeling Mode, carpetas _GENERATED de Alvaro2rh) · Pendiente: #31"
Box_2D59E483,/Game/Maps/Lobby/_GENERATED/Alvaro/Box_2D59E483,StaticMesh,Malla,placeholder,Greybox: pieza del Modeling Mode,12,1000x20x100,,/Game/Maps/Lobby/_GENERATED/Alvaro,Humano,Alvaro2rh,"1 (0 mapas, 1 BP)",0,1,0,0,,"Modelado a mano en el editor (Modeling Mode, carpetas _GENERATED de Alvaro2rh)"
Box_54C322FF,/Game/Maps/Lobby/_GENERATED/Alvaro/Box_54C322FF,StaticMesh,Malla,placeholder,Greybox: pieza del Modeling Mode,12,800x1200x20,,/Game/Maps/Lobby/_GENERATED/Alvaro,Humano,Alvaro2rh,"2 (2 mapas, 0 BP)",2,0,0,0,,"Modelado a mano en el editor (Modeling Mode, carpetas _GENERATED de Alvaro2rh)"
Box_788411BC,/Game/Maps/Lobby/_GENERATED/Alvaro/Box_788411BC,StaticMesh,Malla,placeholder,Greybox: pieza del Modeling Mode,32,100x20x210,,/Game/Maps/Lobby/_GENERATED/Alvaro,Humano,Alvaro2rh,"1 (0 mapas, 1 BP)",0,1,0,0,,"Modelado a mano en el editor (Modeling Mode, carpetas _GENERATED de Alvaro2rh)"
Box_A02DBA0E,/Game/Maps/Lobby/_GENERATED/Alvaro/Box_A02DBA0E,StaticMesh,Malla,placeholder,Greybox: pieza del Modeling Mode,12,20x300x100,,/Game/Maps/Lobby/_GENERATED/Alvaro,Humano,Alvaro2rh,"1 (0 mapas, 1 BP)",0,1,0,0,,"Modelado a mano en el editor (Modeling Mode, carpetas _GENERATED de Alvaro2rh)"
Box_A134E679,/Game/Maps/Lobby/_GENERATED/Alvaro/Box_A134E679,StaticMesh,Malla,placeholder,Greybox: pieza del Modeling Mode,12,600x400x20,,/Game/Maps/Lobby/_GENERATED/Alvaro,Humano,Alvaro2rh,"1 (1 mapas, 0 BP)",1,0,0,0,,"Modelado a mano en el editor (Modeling Mode, carpetas _GENERATED de Alvaro2rh)"
Box_C0F61F41,/Game/Maps/Lobby/_GENERATED/Alvaro/Box_C0F61F41,StaticMesh,Malla,deprecado,Sin usar y pendiente de la limpieza (#31),12,10x200x100,,/Game/Maps/Lobby/_GENERATED/Alvaro,Humano,Alvaro2rh,sin usar,0,0,0,0,,"Modelado a mano en el editor (Modeling Mode, carpetas _GENERATED de Alvaro2rh) · Pendiente: #31"
Box_D0D88FF5,/Game/Maps/Lobby/_GENERATED/Alvaro/Box_D0D88FF5,StaticMesh,Malla,placeholder,Greybox: pieza del Modeling Mode,12,200x1200x20,,/Game/Maps/Lobby/_GENERATED/Alvaro,Humano,Alvaro2rh,"1 (1 mapas, 0 BP)",1,0,0,0,,"Modelado a mano en el editor (Modeling Mode, carpetas _GENERATED de Alvaro2rh)"
Box_E17FDEF5,/Game/Maps/Lobby/_GENERATED/Alvaro/Box_E17FDEF5,StaticMesh,Malla,placeholder,Greybox: pieza del Modeling Mode,12,20x400x100,,/Game/Maps/Lobby/_GENERATED/Alvaro,Humano,Alvaro2rh,"1 (0 mapas, 1 BP)",0,1,0,0,,"Modelado a mano en el editor (Modeling Mode, carpetas _GENERATED de Alvaro2rh)"
Capsule_36FD2D4B,/Game/Maps/Lobby/_GENERATED/Alvaro/Capsule_36FD2D4B,StaticMesh,Malla,placeholder,Greybox: pieza del Modeling Mode,480,50x50x72,,/Game/Maps/Lobby/_GENERATED/Alvaro,Humano,Alvaro2rh,"2 (1 mapas, 1 BP)",1,1,0,0,,"Modelado a mano en el editor (Modeling Mode, carpetas _GENERATED de Alvaro2rh)"
Cylinder_907176B5,/Game/Maps/Lobby/_GENERATED/Alvaro/Cylinder_907176B5,StaticMesh,Malla,placeholder,Greybox: pieza del Modeling Mode,64,200x200x10,,/Game/Maps/Lobby/_GENERATED/Alvaro,Humano,Alvaro2rh,"1 (0 mapas, 1 BP)",0,1,0,0,,"Modelado a mano en el editor (Modeling Mode, carpetas _GENERATED de Alvaro2rh)"
Cylinder_F9A05F37,/Game/Maps/Lobby/_GENERATED/Alvaro/Cylinder_F9A05F37,StaticMesh,Malla,placeholder,Greybox: pieza del Modeling Mode,64,20x20x450,,/Game/Maps/Lobby/_GENERATED/Alvaro,Humano,Alvaro2rh,"1 (0 mapas, 1 BP)",0,1,0,0,,"Modelado a mano en el editor (Modeling Mode, carpetas _GENERATED de Alvaro2rh)"
Goal_3x1,/Game/Maps/Lobby/_GENERATED/Alvaro/Goal_3x1,StaticMesh,Malla,placeholder,Greybox: pieza del Modeling Mode,28,150x300x150,,/Game/Maps/Lobby/_GENERATED/Alvaro,Humano,Alvaro2rh,"1 (0 mapas, 1 BP)",0,1,0,0,,"Modelado a mano en el editor (Modeling Mode, carpetas _GENERATED de Alvaro2rh)"
PlaneFloor_50x50,/Game/Maps/Lobby/_GENERATED/Alvaro/PlaneFloor_50x50,StaticMesh,Malla,placeholder,Greybox: pieza del Modeling Mode,2,5000x5000x0,,/Game/Maps/Lobby/_GENERATED/Alvaro,Humano,Alvaro2rh,"2 (1 mapas, 1 BP)",1,1,0,0,,"Modelado a mano en el editor (Modeling Mode, carpetas _GENERATED de Alvaro2rh)"
Rectangle_C57BAEBF,/Game/Maps/Lobby/_GENERATED/Alvaro/Rectangle_C57BAEBF,StaticMesh,Malla,placeholder,Greybox: pieza del Modeling Mode,2,1400x800x0,,/Game/Maps/Lobby/_GENERATED/Alvaro,Humano,Alvaro2rh,"2 (1 mapas, 1 BP)",1,1,0,0,,"Modelado a mano en el editor (Modeling Mode, carpetas _GENERATED de Alvaro2rh)"
SandWall,/Game/Maps/Lobby/_GENERATED/Alvaro/SandWall,StaticMesh,Malla,placeholder,Greybox: pieza del Modeling Mode,488,5200x5110x1000,,/Game/Maps/Lobby/_GENERATED/Alvaro,Humano,Alvaro2rh,"1 (1 mapas, 0 BP)",1,0,0,0,,"Modelado a mano en el editor (Modeling Mode, carpetas _GENERATED de Alvaro2rh)"
Wall_6x4,/Game/Maps/Lobby/_GENERATED/Alvaro/Wall_6x4,StaticMesh,Malla,placeholder,Greybox: pieza del Modeling Mode,12,20x600x400,,/Game/Maps/Lobby/_GENERATED/Alvaro,Humano,Alvaro2rh,"1 (0 mapas, 1 BP)",0,1,0,0,,"Modelado a mano en el editor (Modeling Mode, carpetas _GENERATED de Alvaro2rh)"
Combined_D3184819,/Game/Maps/Lobby/_GENERATED/maria/Combined_D3184819,StaticMesh,Malla,placeholder,Greybox: pieza del Modeling Mode,,,,/Game/Maps/Lobby/_GENERATED/maria,Humano,María Calzado,solo en la rama Arte,,,,,,"Modelado a mano en el editor (Modeling Mode, carpetas _GENERATED de Alvaro2rh)"
Combined_F6F3A694,/Game/Maps/Lobby/_GENERATED/maria/Combined_F6F3A694,StaticMesh,Malla,placeholder,Greybox: pieza del Modeling Mode,,,,/Game/Maps/Lobby/_GENERATED/maria,Humano,María Calzado,solo en la rama Arte,,,,,,"Modelado a mano en el editor (Modeling Mode, carpetas _GENERATED de Alvaro2rh)"
CastleDoor,/Game/Maps/Run/_GENERATED/Alvaro/CastleDoor,StaticMesh,Malla,placeholder,Greybox: pieza del Modeling Mode,52,4500x1000x700,,/Game/Maps/Run/_GENERATED/Alvaro,Humano,Alvaro2rh,"1 (0 mapas, 1 BP)",0,1,0,0,,"Modelado a mano en el editor (Modeling Mode, carpetas _GENERATED de Alvaro2rh)"
M_TortugaDemo,/Game/Materials/Characters/Player/M_TortugaDemo,Material,Material,placeholder,Material de la tortuga de demo,,,,/Game/Materials/Characters/Player,Humano,Alvaro2rh,indirecto: TotugaDemo_Rig,0,0,1,0,,Materiales hechos en el editor (Alvaro2rh)
M_TortugaDemo2,/Game/Materials/Characters/Player/M_TortugaDemo2,Material,Material,placeholder,Material de la tortuga de demo,,,,/Game/Materials/Characters/Player,Humano,Alvaro2rh,indirecto: TotugaDemo_Rig,0,0,1,0,,Materiales hechos en el editor (Alvaro2rh)
MI_Grid,/Game/Materials/Grid/MI_Grid,MaterialInstanceConstant,Instancia de material,placeholder,Greybox: cuadrícula del blockout,,,,/Game/Materials/Grid,Humano,Alvaro2rh,"1 (0 mapas, 1 BP)",0,1,0,0,,Materiales de cuadrícula del blockout (Alvaro2rh)
MI_Grid_Blue,/Game/Materials/Grid/MI_Grid_Blue,MaterialInstanceConstant,Instancia de material,deprecado,Sin usar y pendiente de la limpieza (#31),,,,/Game/Materials/Grid,Humano,Alvaro2rh,sin usar,0,0,0,0,,Materiales de cuadrícula del blockout (Alvaro2rh) · Pendiente: #31
MI_Grid_Brown,/Game/Materials/Grid/MI_Grid_Brown,MaterialInstanceConstant,Instancia de material,placeholder,Greybox: cuadrícula del blockout,,,,/Game/Materials/Grid,Humano,Alvaro2rh,"3 (1 mapas, 2 BP)",1,2,0,0,,Materiales de cuadrícula del blockout (Alvaro2rh)
MI_Grid_Green,/Game/Materials/Grid/MI_Grid_Green,MaterialInstanceConstant,Instancia de material,placeholder,Greybox: cuadrícula del blockout,,,,/Game/Materials/Grid,Humano,Alvaro2rh,"5 (2 mapas, 3 BP)",2,3,1,0,,Materiales de cuadrícula del blockout (Alvaro2rh)
MI_Grid_Grey,/Game/Materials/Grid/MI_Grid_Grey,MaterialInstanceConstant,Instancia de material,placeholder,Greybox: cuadrícula del blockout,,,,/Game/Materials/Grid,Humano,Alvaro2rh,"17 (1 mapas, 16 BP)",1,16,1,0,,Materiales de cuadrícula del blockout (Alvaro2rh)
MI_Grid_LightBlue1,/Game/Materials/Grid/MI_Grid_LightBlue1,MaterialInstanceConstant,Instancia de material,placeholder,Greybox: cuadrícula del blockout,,,,/Game/Materials/Grid,Humano,Alvaro2rh,"7 (0 mapas, 7 BP)",0,7,1,0,,Materiales de cuadrícula del blockout (Alvaro2rh)
MI_Grid_LightGreen,/Game/Materials/Grid/MI_Grid_LightGreen,MaterialInstanceConstant,Instancia de material,placeholder,Greybox: cuadrícula del blockout,,,,/Game/Materials/Grid,Humano,Alvaro2rh,"2 (0 mapas, 2 BP)",0,2,0,0,,Materiales de cuadrícula del blockout (Alvaro2rh)
MI_Grid_LightOrange,/Game/Materials/Grid/MI_Grid_LightOrange,MaterialInstanceConstant,Instancia de material,placeholder,Greybox: cuadrícula del blockout,,,,/Game/Materials/Grid,Humano,Alvaro2rh,"5 (0 mapas, 5 BP)",0,5,2,0,,Materiales de cuadrícula del blockout (Alvaro2rh)
MI_Grid_Orange,/Game/Materials/Grid/MI_Grid_Orange,MaterialInstanceConstant,Instancia de material,placeholder,Greybox: cuadrícula del blockout,,,,/Game/Materials/Grid,Humano,Alvaro2rh,"13 (0 mapas, 13 BP)",0,13,0,0,,Materiales de cuadrícula del blockout (Alvaro2rh)
MI_Grid_Pink,/Game/Materials/Grid/MI_Grid_Pink,MaterialInstanceConstant,Instancia de material,placeholder,Greybox: cuadrícula del blockout,,,,/Game/Materials/Grid,Humano,Alvaro2rh,"4 (0 mapas, 4 BP)",0,4,0,0,,Materiales de cuadrícula del blockout (Alvaro2rh)
MI_Grid_Purple,/Game/Materials/Grid/MI_Grid_Purple,MaterialInstanceConstant,Instancia de material,placeholder,Greybox: cuadrícula del blockout,,,,/Game/Materials/Grid,Humano,Alvaro2rh,"9 (0 mapas, 9 BP)",0,9,0,0,,Materiales de cuadrícula del blockout (Alvaro2rh)
MI_Grid_Red,/Game/Materials/Grid/MI_Grid_Red,MaterialInstanceConstant,Instancia de material,placeholder,Greybox: cuadrícula del blockout,,,,/Game/Materials/Grid,Humano,Alvaro2rh,"13 (1 mapas, 12 BP)",1,12,2,0,,Materiales de cuadrícula del blockout (Alvaro2rh)
MI_Grid_Sand,/Game/Materials/Grid/MI_Grid_Sand,MaterialInstanceConstant,Instancia de material,placeholder,Greybox: cuadrícula del blockout,,,,/Game/Materials/Grid,Humano,Alvaro2rh,"3 (1 mapas, 2 BP)",1,2,0,0,,Materiales de cuadrícula del blockout (Alvaro2rh)
MI_Grid_WorldAlign,/Game/Materials/Grid/MI_Grid_WorldAlign,MaterialInstanceConstant,Instancia de material,deprecado,Sin usar y pendiente de la limpieza (#31),,,,/Game/Materials/Grid,Humano,Alvaro2rh,sin usar,0,0,0,0,,Materiales de cuadrícula del blockout (Alvaro2rh) · Pendiente: #31
MI_Grid_WorldAlign_Blue,/Game/Materials/Grid/MI_Grid_WorldAlign_Blue,MaterialInstanceConstant,Instancia de material,placeholder,Greybox: cuadrícula del blockout,,,,/Game/Materials/Grid,Humano,Alvaro2rh,"1 (0 mapas, 1 BP)",0,1,0,0,,Materiales de cuadrícula del blockout (Alvaro2rh)
MI_Grid_WorldAlign_Yellow,/Game/Materials/Grid/MI_Grid_WorldAlign_Yellow,MaterialInstanceConstant,Instancia de material,deprecado,Sin usar y pendiente de la limpieza (#31),,,,/Game/Materials/Grid,Humano,Alvaro2rh,sin usar,0,0,0,0,,Materiales de cuadrícula del blockout (Alvaro2rh) · Pendiente: #31
MI_Grid_Yellow,/Game/Materials/Grid/MI_Grid_Yellow,MaterialInstanceConstant,Instancia de material,placeholder,Greybox: cuadrícula del blockout,,,,/Game/Materials/Grid,Humano,Alvaro2rh,"15 (2 mapas, 13 BP)",2,13,1,0,,Materiales de cuadrícula del blockout (Alvaro2rh)
MI_LocalGrid_Green1,/Game/Materials/Grid/MI_LocalGrid_Green1,MaterialInstanceConstant,Instancia de material,placeholder,Greybox: cuadrícula del blockout,,,,/Game/Materials/Grid,Humano,Alvaro2rh,"4 (2 mapas, 2 BP)",2,2,2,0,,Materiales de cuadrícula del blockout (Alvaro2rh)
M_Grid_WorldPosition,/Game/Materials/Grid/Master/M_Grid_WorldPosition,Material,Material,placeholder,Greybox: cuadrícula del blockout,,,,/Game/Materials/Grid/Master,Humano,Alvaro2rh,"2 (1 mapas, 1 BP)",1,1,18,0,,Materiales de cuadrícula del blockout (Alvaro2rh)
Bandera_V1,/Game/Meshses/Assets/Bandera_V1,StaticMesh,Malla,final,,12,0x131x99,,/Game/Meshses/Assets,Humano,María Calzado,solo en las ramas Arte y ArteDev,,,,,,Modelado a mano por los artistas (Alvaro2rh; María en la rama Arte)
BotellaAbierta_V1,/Game/Meshses/Assets/BotellaAbierta_V1,StaticMesh,Malla,final,,414,324x313x422,,/Game/Meshses/Assets,Humano,María Calzado,solo en las ramas Arte y ArteDev,,,,,,Modelado a mano por los artistas (Alvaro2rh; María en la rama Arte)
CajaCerillas_V1,/Game/Meshses/Assets/CajaCerillas_V1,StaticMesh,Malla,final,,312,456x210x90,,/Game/Meshses/Assets,Humano,María Calzado,solo en las ramas Arte y ArteDev,,,,,,Modelado a mano por los artistas (Alvaro2rh; María en la rama Arte)
CajaMadera_V1,/Game/Meshses/Assets/CajaMadera_V1,StaticMesh,Malla,final,,256,122x199x108,,/Game/Meshses/Assets,Humano,María Calzado,solo en las ramas Arte y ArteDev,,,,,,Modelado a mano por los artistas (Alvaro2rh; María en la rama Arte)
CajaMadera_V2,/Game/Meshses/Assets/CajaMadera_V2,StaticMesh,Malla,final,,240,118x280x89,,/Game/Meshses/Assets,Humano,María Calzado,solo en las ramas Arte y ArteDev,,,,,,Modelado a mano por los artistas (Alvaro2rh; María en la rama Arte)
CajaMadera_V3,/Game/Meshses/Assets/CajaMadera_V3,StaticMesh,Malla,final,,192,97x120x58,,/Game/Meshses/Assets,Humano,María Calzado,solo en las ramas Arte y ArteDev,,,,,,Modelado a mano por los artistas (Alvaro2rh; María en la rama Arte)
CajaPapel_V1,/Game/Meshses/Assets/CajaPapel_V1,StaticMesh,Malla,final,,144,354x196x82,,/Game/Meshses/Assets,Humano,María Calzado,solo en las ramas Arte y ArteDev,,,,,,Modelado a mano por los artistas (Alvaro2rh; María en la rama Arte)
Cerilla_V1,/Game/Meshses/Assets/Cerilla_V1,StaticMesh,Malla,final,,112,18x18x232,,/Game/Meshses/Assets,Humano,María Calzado,solo en las ramas Arte y ArteDev,,,,,,Modelado a mano por los artistas (Alvaro2rh; María en la rama Arte)
Chapa_V1,/Game/Meshses/Assets/Chapa_V1,StaticMesh,Malla,final,,946,68x114x9,,/Game/Meshses/Assets,Humano,María Calzado,solo en las ramas Arte y ArteDev,,,,,,Modelado a mano por los artistas (Alvaro2rh; María en la rama Arte)
Chapa_V2,/Game/Meshses/Assets/Chapa_V2,StaticMesh,Malla,final,,506,143x144x27,,/Game/Meshses/Assets,Humano,María Calzado,solo en las ramas Arte y ArteDev,,,,,,Modelado a mano por los artistas (Alvaro2rh; María en la rama Arte)
Chapa_V3,/Game/Meshses/Assets/Chapa_V3,StaticMesh,Malla,final,,972,83x109x8,,/Game/Meshses/Assets,Humano,María Calzado,solo en las ramas Arte y ArteDev,,,,,,Modelado a mano por los artistas (Alvaro2rh; María en la rama Arte)
ChapasApiladas_V1,/Game/Meshses/Assets/ChapasApiladas_V1,StaticMesh,Malla,final,,7000,207x28x203,,/Game/Meshses/Assets,Humano,María Calzado,solo en las ramas Arte y ArteDev,,,,,,Modelado a mano por los artistas (Alvaro2rh; María en la rama Arte)
Chincheta_V1,/Game/Meshses/Assets/Chincheta_V1,StaticMesh,Malla,final,,80,58x58x48,,/Game/Meshses/Assets,Humano,María Calzado,solo en las ramas Arte y ArteDev,,,,,,Modelado a mano por los artistas (Alvaro2rh; María en la rama Arte)
Concha_V1,/Game/Meshses/Assets/Concha_V1,StaticMesh,Malla,final,,410,277x108x270,,/Game/Meshses/Assets,Humano,María Calzado,solo en las ramas Arte y ArteDev,,,,,,Modelado a mano por los artistas (Alvaro2rh; María en la rama Arte)
CuerdaPlana_V1,/Game/Meshses/Assets/CuerdaPlana_V1,StaticMesh,Malla,final,,8,33x0x147,,/Game/Meshses/Assets,Humano,María Calzado,solo en las ramas Arte y ArteDev,,,,,,Modelado a mano por los artistas (Alvaro2rh; María en la rama Arte)
CuerdaPlana_V2,/Game/Meshses/Assets/CuerdaPlana_V2,StaticMesh,Malla,final,,12,188x11x111,,/Game/Meshses/Assets,Humano,María Calzado,solo en las ramas Arte y ArteDev,,,,,,Modelado a mano por los artistas (Alvaro2rh; María en la rama Arte)
CuerdaPlana_V3,/Game/Meshses/Assets/CuerdaPlana_V3,StaticMesh,Malla,final,,8,334x27x215,,/Game/Meshses/Assets,Humano,María Calzado,solo en las ramas Arte y ArteDev,,,,,,Modelado a mano por los artistas (Alvaro2rh; María en la rama Arte)
CuerdaPlana_V4,/Game/Meshses/Assets/CuerdaPlana_V4,StaticMesh,Malla,final,,10,0x514x164,,/Game/Meshses/Assets,Humano,María Calzado,solo en las ramas Arte y ArteDev,,,,,,Modelado a mano por los artistas (Alvaro2rh; María en la rama Arte)
Diana_V1,/Game/Meshses/Assets/Diana_V1,StaticMesh,Malla,final,,608,45x143x201,,/Game/Meshses/Assets,Humano,María Calzado,solo en las ramas Arte y ArteDev,,,,,,Modelado a mano por los artistas (Alvaro2rh; María en la rama Arte)
EtiquetaBotella_V1,/Game/Meshses/Assets/EtiquetaBotella_V1,StaticMesh,Malla,final,,96,323x322x173,,/Game/Meshses/Assets,Humano,María Calzado,solo en las ramas Arte y ArteDev,,,,,,Modelado a mano por los artistas (Alvaro2rh; María en la rama Arte)
Huevo_V1,/Game/Meshses/Assets/Huevo_V1,StaticMesh,Malla,final,,192,159x158x186,,/Game/Meshses/Assets,Humano,María Calzado,solo en las ramas Arte y ArteDev,,,,,,Modelado a mano por los artistas (Alvaro2rh; María en la rama Arte)
HuevoParteAbajo_V1,/Game/Meshses/Assets/HuevoParteAbajo_V1,StaticMesh,Malla,final,,132,158x158x123,,/Game/Meshses/Assets,Humano,María Calzado,solo en las ramas Arte y ArteDev,,,,,,Modelado a mano por los artistas (Alvaro2rh; María en la rama Arte)
HuevoParteArriba_V1,/Game/Meshses/Assets/HuevoParteArriba_V1,StaticMesh,Malla,final,,104,146x155x124,,/Game/Meshses/Assets,Humano,María Calzado,solo en las ramas Arte y ArteDev,,,,,,Modelado a mano por los artistas (Alvaro2rh; María en la rama Arte)
LataSardinas_V1,/Game/Meshses/Assets/LataSardinas_V1,StaticMesh,Malla,final,,288,185x302x67,,/Game/Meshses/Assets,Humano,María Calzado,solo en las ramas Arte y ArteDev,,,,,,Modelado a mano por los artistas (Alvaro2rh; María en la rama Arte)
MediaBotella_V1,/Game/Meshses/Assets/MediaBotella_V1,StaticMesh,Malla,final,,432,312x314x423,,/Game/Meshses/Assets,Humano,María Calzado,solo en las ramas Arte y ArteDev,,,,,,Modelado a mano por los artistas (Alvaro2rh; María en la rama Arte)
Muelle_V1,/Game/Meshses/Assets/Muelle_V1,StaticMesh,Malla,final,,582,208x106x116,,/Game/Meshses/Assets,Humano,María Calzado,solo en las ramas Arte y ArteDev,,,,,,Modelado a mano por los artistas (Alvaro2rh; María en la rama Arte)
Palos_V2,/Game/Meshses/Assets/Palos_V2,StaticMesh,Malla,final,,176,21x97x610,,/Game/Meshses/Assets,Humano,María Calzado,solo en las ramas Arte y ArteDev,,,,,,Modelado a mano por los artistas (Alvaro2rh; María en la rama Arte)
Palos_V3,/Game/Meshses/Assets/Palos_V3,StaticMesh,Malla,final,,80,19x19x516,,/Game/Meshses/Assets,Humano,María Calzado,solo en las ramas Arte y ArteDev,,,,,,Modelado a mano por los artistas (Alvaro2rh; María en la rama Arte)
Palos_V4,/Game/Meshses/Assets/Palos_V4,StaticMesh,Malla,final,,80,27x28x513,,/Game/Meshses/Assets,Humano,María Calzado,solo en las ramas Arte y ArteDev,,,,,,Modelado a mano por los artistas (Alvaro2rh; María en la rama Arte)
PalosTravesado_V1,/Game/Meshses/Assets/PalosTravesado_V1,StaticMesh,Malla,final,,96,404x46x518,,/Game/Meshses/Assets,Humano,María Calzado,solo en las ramas Arte y ArteDev,,,,,,Modelado a mano por los artistas (Alvaro2rh; María en la rama Arte)
ParedTienda_V1,/Game/Meshses/Assets/ParedTienda_V1,StaticMesh,Malla,final,,256,813x1082x537,,/Game/Meshses/Assets,Humano,María Calzado,solo en las ramas Arte y ArteDev,,,,,,Modelado a mano por los artistas (Alvaro2rh; María en la rama Arte)
PuertaConcha_V1,/Game/Meshses/Assets/PuertaConcha_V1,StaticMesh,Malla,final,,634,1160x491x867,,/Game/Meshses/Assets,Humano,María Calzado,solo en las ramas Arte y ArteDev,,,,,,Modelado a mano por los artistas (Alvaro2rh; María en la rama Arte)
TangaCampaña_V1,/Game/Meshses/Assets/TangaCampaña_V1,StaticMesh,Malla,final,,1192,1793x1068x508,,/Game/Meshses/Assets,Humano,María Calzado,solo en las ramas Arte y ArteDev,,,,,,Modelado a mano por los artistas (Alvaro2rh; María en la rama Arte)
TapaCajaMadera_V2,/Game/Meshses/Assets/TapaCajaMadera_V2,StaticMesh,Malla,final,,88,107x264x10,,/Game/Meshses/Assets,Humano,María Calzado,solo en las ramas Arte y ArteDev,,,,,,Modelado a mano por los artistas (Alvaro2rh; María en la rama Arte)
TapaCajaMadera_V3,/Game/Meshses/Assets/TapaCajaMadera_V3,StaticMesh,Malla,final,,120,82x119x52,,/Game/Meshses/Assets,Humano,María Calzado,solo en las ramas Arte y ArteDev,,,,,,Modelado a mano por los artistas (Alvaro2rh; María en la rama Arte)
TapaCajaPapel_V1,/Game/Meshses/Assets/TapaCajaPapel_V1,StaticMesh,Malla,final,,168,348x210x90,,/Game/Meshses/Assets,Humano,María Calzado,solo en las ramas Arte y ArteDev,,,,,,Modelado a mano por los artistas (Alvaro2rh; María en la rama Arte)
Tienda_V1,/Game/Meshses/Assets/Tienda_V1,StaticMesh,Malla,final,,2536,1396x1284x623,,/Game/Meshses/Assets,Humano,María Calzado,solo en las ramas Arte y ArteDev,,,,,,Modelado a mano por los artistas (Alvaro2rh; María en la rama Arte)
TrozoHuevo_V1,/Game/Meshses/Assets/TrozoHuevo_V1,StaticMesh,Malla,final,,8,71x71x11,,/Game/Meshses/Assets,Humano,María Calzado,solo en las ramas Arte y ArteDev,,,,,,Modelado a mano por los artistas (Alvaro2rh; María en la rama Arte)
Vaso_V1,/Game/Meshses/Assets/Vaso_V1,StaticMesh,Malla,final,,236,474x474x667,,/Game/Meshses/Assets,Humano,María Calzado,solo en las ramas Arte y ArteDev,,,,,,Modelado a mano por los artistas (Alvaro2rh; María en la rama Arte)
Tortuga_V1,/Game/Meshses/Characters/Player/Tortuga_V1,StaticMesh,Malla,final,,7666,346x160x279,,/Game/Meshses/Characters/Player,Humano,María Calzado,solo en las ramas Arte y ArteDev,,,,,,Modelado a mano por los artistas (Alvaro2rh; María en la rama Arte)
TotugaDemo_Rig,/Game/Meshses/Characters/Player/TotugaDemo_Rig,SkeletalMesh,Malla,placeholder,Tortuga de demo hasta la final (Tortuga_V1 en ArteDev),6198,69x30x54,,/Game/Meshses/Characters/Player,Humano,Alvaro2rh,"2 (1 mapas, 1 BP) + código",1,1,0,1,,Modelado a mano por los artistas (Alvaro2rh; María en la rama Arte)
TotugaDemo_Rig_PhysicsAsset,/Game/Meshses/Characters/Player/TotugaDemo_Rig_PhysicsAsset,PhysicsAsset,Esqueleto y física,placeholder,Tortuga de demo hasta la final (Tortuga_V1 en ArteDev),,,,/Game/Meshses/Characters/Player,Humano,Alvaro2rh,indirecto: TotugaDemo_Rig,0,0,1,0,,Modelado a mano por los artistas (Alvaro2rh; María en la rama Arte)
TotugaDemo_Rig_Skeleton,/Game/Meshses/Characters/Player/TotugaDemo_Rig_Skeleton,Skeleton,Esqueleto y física,placeholder,Tortuga de demo hasta la final (Tortuga_V1 en ArteDev),,,,/Game/Meshses/Characters/Player,Humano,Alvaro2rh,"1 (0 mapas, 1 BP)",0,1,7,0,,Modelado a mano por los artistas (Alvaro2rh; María en la rama Arte)
Caparazon_V2,/Game/Meshses/Characters/Player/PartesTortuga_V1/Caparazon_V2,StaticMesh,Malla,final,,1908,83x101x85,,/Game/Meshses/Characters/Player/PartesTortuga_V1,Humano,María Calzado,solo en las ramas Arte y ArteDev,,,,,,Modelado a mano por los artistas (Alvaro2rh; María en la rama Arte)
Casco_V2,/Game/Meshses/Characters/Player/PartesTortuga_V1/Casco_V2,StaticMesh,Malla,final,,490,83x89x111,,/Game/Meshses/Characters/Player/PartesTortuga_V1,Humano,María Calzado,solo en las ramas Arte y ArteDev,,,,,,Modelado a mano por los artistas (Alvaro2rh; María en la rama Arte)
Lengua,/Game/Meshses/Characters/Player/PartesTortuga_V1/Lengua,StaticMesh,Malla,final,,104,18x78x25,,/Game/Meshses/Characters/Player/PartesTortuga_V1,Humano,María Calzado,solo en las ramas Arte y ArteDev,,,,,,Modelado a mano por los artistas (Alvaro2rh; María en la rama Arte)
Ojos,/Game/Meshses/Characters/Player/PartesTortuga_V1/Ojos,StaticMesh,Malla,final,,358,98x35x35,,/Game/Meshses/Characters/Player/PartesTortuga_V1,Humano,María Calzado,solo en las ramas Arte y ArteDev,,,,,,Modelado a mano por los artistas (Alvaro2rh; María en la rama Arte)
Tortuga,/Game/Meshses/Characters/Player/PartesTortuga_V1/Tortuga,StaticMesh,Malla,final,,1514,376x145x261,,/Game/Meshses/Characters/Player/PartesTortuga_V1,Humano,María Calzado,solo en las ramas Arte y ArteDev,,,,,,Modelado a mano por los artistas (Alvaro2rh; María en la rama Arte)
RimaLogo,/Game/Textures/Images/RimaLogo,Texture2D,Textura,final,,,,,/Game/Textures/Images,Humano,MiguelilloElPillo,"1 (0 mapas, 1 BP)",0,1,0,0,,Imágenes del equipo (MiguelilloElPillo)
T_Background,/Game/Textures/Images/T_Background,Texture2D,Textura,final,,,,,/Game/Textures/Images,Humano,MiguelilloElPillo,"1 (0 mapas, 1 BP)",0,1,0,0,,Imágenes del equipo (MiguelilloElPillo)
T_Grid,/Game/Textures/TextureGrid/T_Grid,Texture2D,Textura,placeholder,Greybox: cuadrícula del blockout,,,,/Game/Textures/TextureGrid,Humano,Alvaro2rh,indirecto: M_Grid_WorldPosition,0,0,1,0,,Texturas de cuadrícula del blockout (Alvaro2rh)
T_GridN,/Game/Textures/TextureGrid/T_GridN,Texture2D,Textura,placeholder,Greybox: cuadrícula del blockout,,,,/Game/Textures/TextureGrid,Humano,Alvaro2rh,indirecto: M_Grid_WorldPosition,0,0,1,0,,Texturas de cuadrícula del blockout (Alvaro2rh)
M_TN_IAProp,/Game/Art/IA/decoracion/molino/M_TN_IAProp,Material,Material,final,,,,,/Game/Art/IA/decoracion/molino,IA,SkiTemplar (Rodrigo),sin usar,0,0,2,0,,Biblioteca IA (Art/Library/IA/_pipeline: imagen a malla y limpieza en Blender) · Pendiente: #601
SM_TN_MolinoAspas,/Game/Art/IA/decoracion/molino/SM_TN_MolinoAspas,StaticMesh,Malla,final,,522,40x750x750,,/Game/Art/IA/decoracion/molino,IA,SkiTemplar (Rodrigo),sin usar,0,0,0,0,Art/Library/IA/decoracion/molino/SM_TN_MolinoAspas.fbx,Biblioteca IA (Art/Library/IA/_pipeline: imagen a malla y limpieza en Blender) · Pendiente: #601
SM_TN_MolinoTorre,/Game/Art/IA/decoracion/molino/SM_TN_MolinoTorre,StaticMesh,Malla,final,,380,426x381x672,,/Game/Art/IA/decoracion/molino,IA,SkiTemplar (Rodrigo),sin usar,0,0,0,0,Art/Library/IA/decoracion/molino/SM_TN_MolinoTorre.fbx,Biblioteca IA (Art/Library/IA/_pipeline: imagen a malla y limpieza en Blender) · Pendiente: #601
M_TN_IAProp,/Game/Art/IA/decoracion/pagoda/M_TN_IAProp,Material,Material,final,,,,,/Game/Art/IA/decoracion/pagoda,IA,SkiTemplar (Rodrigo),sin usar,0,0,1,0,,Biblioteca IA (Art/Library/IA/_pipeline: imagen a malla y limpieza en Blender) · Pendiente: #601
SM_TN_Pagoda,/Game/Art/IA/decoracion/pagoda/SM_TN_Pagoda,StaticMesh,Malla,final,,838,468x470x744,,/Game/Art/IA/decoracion/pagoda,IA,SkiTemplar (Rodrigo),sin usar,0,0,0,0,Art/Library/IA/decoracion/pagoda/SM_TN_Pagoda.fbx,Biblioteca IA (Art/Library/IA/_pipeline: imagen a malla y limpieza en Blender) · Pendiente: #601
M_TN_IAProp,/Game/Art/IA/decoracion/torii/M_TN_IAProp,Material,Material,final,,,,,/Game/Art/IA/decoracion/torii,IA,SkiTemplar (Rodrigo),sin usar,0,0,1,0,,Biblioteca IA (Art/Library/IA/_pipeline: imagen a malla y limpieza en Blender) · Pendiente: #601
SM_TN_Torii,/Game/Art/IA/decoracion/torii/SM_TN_Torii,StaticMesh,Malla,final,,300,62x670x508,,/Game/Art/IA/decoracion/torii,IA,SkiTemplar (Rodrigo),sin usar,0,0,0,0,Art/Library/IA/decoracion/torii/SM_TN_Torii.fbx,Biblioteca IA (Art/Library/IA/_pipeline: imagen a malla y limpieza en Blender) · Pendiente: #601
M_TN_IAProp,/Game/Art/IA/puzzles/palanca/M_TN_IAProp,Material,Material,final,,,,,/Game/Art/IA/puzzles/palanca,IA,SkiTemplar (Rodrigo),sin usar,0,0,2,0,,Biblioteca IA (Art/Library/IA/_pipeline: imagen a malla y limpieza en Blender) · Pendiente: #599
SM_TN_PalancaBase,/Game/Art/IA/puzzles/palanca/SM_TN_PalancaBase,StaticMesh,Malla,final,,220,74x52x52,,/Game/Art/IA/puzzles/palanca,IA,SkiTemplar (Rodrigo),sin usar,0,0,0,0,Art/Library/IA/puzzles/palanca/SM_TN_PalancaBase.fbx,Biblioteca IA (Art/Library/IA/_pipeline: imagen a malla y limpieza en Blender) · Pendiente: #599
SM_TN_PalancaBrazo,/Game/Art/IA/puzzles/palanca/SM_TN_PalancaBrazo,StaticMesh,Malla,final,,148,15x15x73,,/Game/Art/IA/puzzles/palanca,IA,SkiTemplar (Rodrigo),sin usar,0,0,0,0,Art/Library/IA/puzzles/palanca/SM_TN_PalancaBrazo.fbx,Biblioteca IA (Art/Library/IA/_pipeline: imagen a malla y limpieza en Blender) · Pendiente: #599
M_TN_IAProp,/Game/Art/IA/puzzles/placa_presion/M_TN_IAProp,Material,Material,final,,,,,/Game/Art/IA/puzzles/placa_presion,IA,SkiTemplar (Rodrigo),sin usar,0,0,2,0,,Biblioteca IA (Art/Library/IA/_pipeline: imagen a malla y limpieza en Blender) · Pendiente: #599
SM_TN_PlacaPresion_Bajada,/Game/Art/IA/puzzles/placa_presion/SM_TN_PlacaPresion_Bajada,StaticMesh,Malla,final,,188,124x124x8,,/Game/Art/IA/puzzles/placa_presion,IA,SkiTemplar (Rodrigo),sin usar,0,0,0,0,Art/Library/IA/puzzles/placa_presion/SM_TN_PlacaPresion_Bajada.fbx,Biblioteca IA (Art/Library/IA/_pipeline: imagen a malla y limpieza en Blender) · Pendiente: #599
SM_TN_PlacaPresion_Subida,/Game/Art/IA/puzzles/placa_presion/SM_TN_PlacaPresion_Subida,StaticMesh,Malla,final,,196,124x124x12,,/Game/Art/IA/puzzles/placa_presion,IA,SkiTemplar (Rodrigo),sin usar,0,0,0,0,Art/Library/IA/puzzles/placa_presion/SM_TN_PlacaPresion_Subida.fbx,Biblioteca IA (Art/Library/IA/_pipeline: imagen a malla y limpieza en Blender) · Pendiente: #599
DA_Arte_Lobby,/Game/Art/DA_Arte_Lobby,TN_ArtCatalog,Datos,final,,,,,/Game/Art,Script,Mokius,código C++,0,0,0,1,Scripts/arte/rellenar_catalogos.py,Catálogo de arte rellenado por script
DA_Arte_ProcMap,/Game/Art/DA_Arte_ProcMap,TN_ArtCatalog,Datos,final,,,,,/Game/Art,Script,Mokius,código C++,0,0,0,1,Scripts/arte/rellenar_catalogos.py,Catálogo de arte rellenado por script
DT_Helmets,/Game/Blueprints/Gameplay/Cosmetics/DT_Helmets,DataTable,Datos,final,,,,,/Game/Blueprints/Gameplay/Cosmetics,Script,SkiTemplar (Rodrigo),"1 (0 mapas, 1 BP)",0,1,0,0,Scripts/build_cosmetics.py,Tabla de cosméticos rellenada por script
DT_Skins,/Game/Blueprints/Gameplay/Cosmetics/DT_Skins,DataTable,Datos,final,,,,,/Game/Blueprints/Gameplay/Cosmetics,Script,Mokius,"1 (0 mapas, 1 BP)",0,1,0,0,Scripts/build_cosmetics.py,Tabla de cosméticos rellenada por script
BP_GridDemoGameMode,/Game/Blueprints/Gameplay/GridMap/BP_GridDemoGameMode,Blueprint,Blueprint,final,,,,,/Game/Blueprints/Gameplay/GridMap,Script,SkiTemplar (Rodrigo),"1 (1 mapas, 0 BP)",1,0,0,0,Scripts/build_grid_demo_assets.py,Materiales del terreno y del generador en grid creados por script
M_GridFlat,/Game/Blueprints/Gameplay/GridMap/M_GridFlat,Material,Material,deprecado,Sin usar y pendiente de la limpieza (#31),,,,/Game/Blueprints/Gameplay/GridMap,Script,SkiTemplar (Rodrigo),sin usar,0,0,5,0,Scripts/build_grid_demo_assets.py,Materiales del terreno y del generador en grid creados por script · Pendiente: #31
M_GridJunk,/Game/Blueprints/Gameplay/GridMap/M_GridJunk,Material,Material,deprecado,Sin usar y pendiente de la limpieza (#31),,,,/Game/Blueprints/Gameplay/GridMap,Script,SkiTemplar (Rodrigo),sin usar,0,0,0,0,Scripts/build_grid_demo_assets.py,Materiales del terreno y del generador en grid creados por script · Pendiente: #31
M_GridTerrain,/Game/Blueprints/Gameplay/GridMap/M_GridTerrain,Material,Material,final,,,,,/Game/Blueprints/Gameplay/GridMap,Script,SkiTemplar (Rodrigo),"indirecto: SM_M_Mapa01_r0c0, SM_M_Mapa01_r0c1, SM_M_Mapa01_r0c2 + código",0,0,36,1,Scripts/build_grid_demo_assets.py,Materiales del terreno y del generador en grid creados por script
M_GridTerrainWet,/Game/Blueprints/Gameplay/GridMap/M_GridTerrainWet,Material,Material,final,,,,,/Game/Blueprints/Gameplay/GridMap,Script,SkiTemplar (Rodrigo),"2 (2 mapas, 0 BP)",2,0,0,0,Scripts/build_grid_demo_assets.py,Materiales del terreno y del generador en grid creados por script
M_GridWater,/Game/Blueprints/Gameplay/GridMap/M_GridWater,Material,Material,deprecado,Sin usar y pendiente de la limpieza (#31),,,,/Game/Blueprints/Gameplay/GridMap,Script,SkiTemplar (Rodrigo),sin usar,0,0,0,0,Scripts/build_grid_demo_assets.py,Materiales del terreno y del generador en grid creados por script · Pendiente: #31
MI_Grid_Dune,/Game/Blueprints/Gameplay/GridMap/MI_Grid_Dune,MaterialInstanceConstant,Instancia de material,deprecado,Sin usar y pendiente de la limpieza (#31),,,,/Game/Blueprints/Gameplay/GridMap,Script,SkiTemplar (Rodrigo),sin usar,0,0,0,0,Scripts/build_grid_demo_assets.py,Materiales del terreno y del generador en grid creados por script · Pendiente: #31
MI_Grid_Path,/Game/Blueprints/Gameplay/GridMap/MI_Grid_Path,MaterialInstanceConstant,Instancia de material,deprecado,Sin usar y pendiente de la limpieza (#31),,,,/Game/Blueprints/Gameplay/GridMap,Script,SkiTemplar (Rodrigo),sin usar,0,0,0,0,Scripts/build_grid_demo_assets.py,Materiales del terreno y del generador en grid creados por script · Pendiente: #31
MI_Grid_Rock,/Game/Blueprints/Gameplay/GridMap/MI_Grid_Rock,MaterialInstanceConstant,Instancia de material,deprecado,Sin usar y pendiente de la limpieza (#31),,,,/Game/Blueprints/Gameplay/GridMap,Script,SkiTemplar (Rodrigo),sin usar,0,0,0,0,Scripts/build_grid_demo_assets.py,Materiales del terreno y del generador en grid creados por script · Pendiente: #31
MI_Grid_Wall,/Game/Blueprints/Gameplay/GridMap/MI_Grid_Wall,MaterialInstanceConstant,Instancia de material,deprecado,Sin usar y pendiente de la limpieza (#31),,,,/Game/Blueprints/Gameplay/GridMap,Script,SkiTemplar (Rodrigo),sin usar,0,0,0,0,Scripts/build_grid_demo_assets.py,Materiales del terreno y del generador en grid creados por script · Pendiente: #31
MI_Grid_Water,/Game/Blueprints/Gameplay/GridMap/MI_Grid_Water,MaterialInstanceConstant,Instancia de material,deprecado,Sin usar y pendiente de la limpieza (#31),,,,/Game/Blueprints/Gameplay/GridMap,Script,SkiTemplar (Rodrigo),sin usar,0,0,0,0,Scripts/build_grid_demo_assets.py,Materiales del terreno y del generador en grid creados por script · Pendiente: #31
SM_Helmet_Captain,/Game/Cosmetics/Helmets/SM_Helmet_Captain,StaticMesh,Malla,final,,460,21x26x9,,/Game/Cosmetics/Helmets,Script,Mokius,indirecto: DT_Helmets,0,0,1,0,Scripts/cosmetics_meshes.py,"Cascos modelados en Python (Mokius, f4e675c1d)"
SM_Helmet_Crab,/Game/Cosmetics/Helmets/SM_Helmet_Crab,StaticMesh,Malla,final,,812,17x11x12,,/Game/Cosmetics/Helmets,Script,Mokius,indirecto: DT_Helmets,0,0,1,0,Scripts/cosmetics_meshes.py,"Cascos modelados en Python (Mokius, f4e675c1d)"
SM_Helmet_Crown,/Game/Cosmetics/Helmets/SM_Helmet_Crown,StaticMesh,Malla,final,,774,17x20x12,,/Game/Cosmetics/Helmets,Script,Mokius,indirecto: DT_Helmets,0,0,1,0,Scripts/cosmetics_meshes.py,"Cascos modelados en Python (Mokius, f4e675c1d)"
SM_Helmet_Halo,/Game/Cosmetics/Helmets/SM_Helmet_Halo,StaticMesh,Malla,final,,240,15x15x4,,/Game/Cosmetics/Helmets,Script,Mokius,indirecto: DT_Helmets,0,0,1,0,Scripts/cosmetics_meshes.py,"Cascos modelados en Python (Mokius, f4e675c1d)"
SM_Helmet_Hibiscus,/Game/Cosmetics/Helmets/SM_Helmet_Hibiscus,StaticMesh,Malla,final,,153,10x12x11,,/Game/Cosmetics/Helmets,Script,Mokius,indirecto: DT_Helmets,0,0,1,0,Scripts/cosmetics_meshes.py,"Cascos modelados en Python (Mokius, f4e675c1d)"
SM_Helmet_Jelly,/Game/Cosmetics/Helmets/SM_Helmet_Jelly,StaticMesh,Malla,final,,984,19x20x20,,/Game/Cosmetics/Helmets,Script,Mokius,indirecto: DT_Helmets,0,0,1,0,Scripts/cosmetics_meshes.py,"Cascos modelados en Python (Mokius, f4e675c1d)"
SM_Helmet_Party,/Game/Cosmetics/Helmets/SM_Helmet_Party,StaticMesh,Malla,final,,486,14x14x19,,/Game/Cosmetics/Helmets,Script,Mokius,indirecto: DT_Helmets,0,0,1,0,Scripts/cosmetics_meshes.py,"Cascos modelados en Python (Mokius, f4e675c1d)"
SM_Helmet_Pirate,/Game/Cosmetics/Helmets/SM_Helmet_Pirate,StaticMesh,Malla,final,,532,27x28x10,,/Game/Cosmetics/Helmets,Script,Mokius,indirecto: DT_Helmets,0,0,1,0,Scripts/cosmetics_meshes.py,"Cascos modelados en Python (Mokius, f4e675c1d)"
SM_Helmet_Propeller,/Game/Cosmetics/Helmets/SM_Helmet_Propeller,StaticMesh,Malla,final,,248,16x17x11,,/Game/Cosmetics/Helmets,Script,Mokius,indirecto: DT_Helmets,0,0,1,0,Scripts/cosmetics_meshes.py,"Cascos modelados en Python (Mokius, f4e675c1d)"
SM_Helmet_Sailor,/Game/Cosmetics/Helmets/SM_Helmet_Sailor,StaticMesh,Malla,final,,348,21x22x15,,/Game/Cosmetics/Helmets,Script,Mokius,indirecto: DT_Helmets,0,0,1,0,Scripts/cosmetics_meshes.py,"Cascos modelados en Python (Mokius, f4e675c1d)"
SM_Helmet_Starfish,/Game/Cosmetics/Helmets/SM_Helmet_Starfish,StaticMesh,Malla,final,,230,16x17x7,,/Game/Cosmetics/Helmets,Script,Mokius,indirecto: DT_Helmets,0,0,1,0,Scripts/cosmetics_meshes.py,"Cascos modelados en Python (Mokius, f4e675c1d)"
SM_Helmet_Straw,/Game/Cosmetics/Helmets/SM_Helmet_Straw,StaticMesh,Malla,final,,392,34x35x12,,/Game/Cosmetics/Helmets,Script,Mokius,indirecto: DT_Helmets,0,0,1,0,Scripts/cosmetics_meshes.py,"Cascos modelados en Python (Mokius, f4e675c1d)"
M_CosmeticVertexColor,/Game/Cosmetics/Materials/M_CosmeticVertexColor,Material,Material,final,,,,,/Game/Cosmetics/Materials,Script,Mokius,"indirecto: SM_Helmet_Captain, SM_Helmet_Crab, SM_Helmet_Crown + código",0,0,12,1,Scripts/build_cosmetics.py,Materiales de la tortuga y los cosméticos creados por script
M_TurtleBody,/Game/Cosmetics/Materials/M_TurtleBody,Material,Material,final,,,,,/Game/Cosmetics/Materials,Script,Mokius,"1 (1 mapas, 0 BP) + código",1,0,0,1,Scripts/build_cosmetics.py,Materiales de la tortuga y los cosméticos creados por script
M_TurtleFaceParts,/Game/Cosmetics/Materials/M_TurtleFaceParts,Material,Material,final,,,,,/Game/Cosmetics/Materials,Script,Mokius,código C++,0,0,0,1,Scripts/build_cosmetics.py,Materiales de la tortuga y los cosméticos creados por script
M_TurtleHelmetSlot,/Game/Cosmetics/Materials/M_TurtleHelmetSlot,Material,Material,final,,,,,/Game/Cosmetics/Materials,Script,Mokius,"1 (1 mapas, 0 BP) + código",1,0,0,1,Scripts/build_cosmetics.py,Materiales de la tortuga y los cosméticos creados por script
M_TortunaboWater,/Game/Environment/Water/M_TortunaboWater,Material,Material,final,,,,,/Game/Environment/Water,Script,SkiTemplar (Rodrigo),"1 (1 mapas, 0 BP)",1,0,1,0,Scripts/build_water.py,"Agua (superficie, materiales y texturas) generada por script"
M_TortunaboWaterToon,/Game/Environment/Water/M_TortunaboWaterToon,Material,Material,final,,,,,/Game/Environment/Water,Script,SkiTemplar (Rodrigo),"1 (1 mapas, 0 BP)",1,0,0,0,Scripts/build_water.py,"Agua (superficie, materiales y texturas) generada por script"
SM_WaterSurface,/Game/Environment/Water/SM_WaterSurface,StaticMesh,Malla,final,,245000,140000x140000x0,,/Game/Environment/Water,Script,SkiTemplar (Rodrigo),"2 (2 mapas, 0 BP)",2,0,0,0,Scripts/build_water.py,"Agua (superficie, materiales y texturas) generada por script"
T_WaterFoam,/Game/Environment/Water/T_WaterFoam,Texture2D,Textura,final,,,,,/Game/Environment/Water,Script,SkiTemplar (Rodrigo),"indirecto: M_TortunaboWater, M_TortunaboWaterToon",0,0,2,0,Scripts/build_water.py,"Agua (superficie, materiales y texturas) generada por script"
T_WaterNormal,/Game/Environment/Water/T_WaterNormal,Texture2D,Textura,final,,,,,/Game/Environment/Water,Script,SkiTemplar (Rodrigo),indirecto: M_TortunaboWater,0,0,1,0,Scripts/build_water.py,"Agua (superficie, materiales y texturas) generada por script"
LVL_GaleriaAssets,/Game/Maps/Dev/LVL_GaleriaAssets,World,Mapa,final,,,,,/Game/Maps/Dev,Script,SkiTemplar (Rodrigo),sin usar,0,0,0,0,Scripts/tools/galeria_assets.py,Galería de assets generada por script (#312) · Pendiente: #312
LVL_Demo01,/Game/Maps/Run/LVL_Demo01,World,Mapa,final,,,,,/Game/Maps/Run,Script,SkiTemplar (Rodrigo),código C++,0,0,0,1,Scripts/build_demo_level.py,Mapa de demo creado por script
DA_ProcMapSettings,/Game/ProcMap/DA_ProcMapSettings,TN_ProcMapSettings,Datos,final,,,,,/Game/ProcMap,Script,Mokius,"2 (1 mapas, 1 BP) + código",1,1,0,1,Scripts/build_procmap_assets.py,Materiales y datos del mapa procedural creados por script
DA_Biome_Beach,/Game/ProcMap/Biomes/DA_Biome_Beach,TN_ProcBiomeDataAsset,Datos,final,,,,,/Game/ProcMap/Biomes,Script,Mokius,indirecto: DA_ProcMapSettings,0,0,1,0,Scripts/build_procmap_assets.py,Materiales y datos del mapa procedural creados por script
DA_Biome_Desert,/Game/ProcMap/Biomes/DA_Biome_Desert,TN_ProcBiomeDataAsset,Datos,final,,,,,/Game/ProcMap/Biomes,Script,Mokius,indirecto: DA_ProcMapSettings,0,0,1,0,Scripts/build_procmap_assets.py,Materiales y datos del mapa procedural creados por script
DA_Biome_Human,/Game/ProcMap/Biomes/DA_Biome_Human,TN_ProcBiomeDataAsset,Datos,final,,,,,/Game/ProcMap/Biomes,Script,Mokius,indirecto: DA_ProcMapSettings,0,0,1,0,Scripts/build_procmap_assets.py,Materiales y datos del mapa procedural creados por script
DA_Biome_Jungle,/Game/ProcMap/Biomes/DA_Biome_Jungle,TN_ProcBiomeDataAsset,Datos,final,,,,,/Game/ProcMap/Biomes,Script,Mokius,indirecto: DA_ProcMapSettings,0,0,1,0,Scripts/build_procmap_assets.py,Materiales y datos del mapa procedural creados por script
DA_Biome_Mangrove,/Game/ProcMap/Biomes/DA_Biome_Mangrove,TN_ProcBiomeDataAsset,Datos,final,,,,,/Game/ProcMap/Biomes,Script,Mokius,indirecto: DA_ProcMapSettings,0,0,1,0,Scripts/build_procmap_assets.py,Materiales y datos del mapa procedural creados por script
DA_Biome_Rocky,/Game/ProcMap/Biomes/DA_Biome_Rocky,TN_ProcBiomeDataAsset,Datos,final,,,,,/Game/ProcMap/Biomes,Script,Mokius,indirecto: DA_ProcMapSettings,0,0,1,0,Scripts/build_procmap_assets.py,Materiales y datos del mapa procedural creados por script
DA_Biome_Volcanic,/Game/ProcMap/Biomes/DA_Biome_Volcanic,TN_ProcBiomeDataAsset,Datos,final,,,,,/Game/ProcMap/Biomes,Script,Mokius,indirecto: DA_ProcMapSettings,0,0,1,0,Scripts/build_procmap_assets.py,Materiales y datos del mapa procedural creados por script
DA_Biome_Water,/Game/ProcMap/Biomes/DA_Biome_Water,TN_ProcBiomeDataAsset,Datos,final,,,,,/Game/ProcMap/Biomes,Script,Mokius,indirecto: DA_ProcMapSettings,0,0,1,0,Scripts/build_procmap_assets.py,Materiales y datos del mapa procedural creados por script
M_PoopSplatDecal,/Game/ProcMap/Materials/M_PoopSplatDecal,Material,Material,final,,,,,/Game/ProcMap/Materials,Script,Mokius,código C++,0,0,0,1,Scripts/create_poop_decal.py,Calcomanía creada por script
M_ProcBird,/Game/ProcMap/Materials/M_ProcBird,Material,Material,final,,,,,/Game/ProcMap/Materials,Script,Mokius,código C++,0,0,0,1,Scripts/build_procmap_assets.py,Materiales y datos del mapa procedural creados por script
M_ProcCascade,/Game/ProcMap/Materials/M_ProcCascade,Material,Material,final,,,,,/Game/ProcMap/Materials,Script,Mokius,código C++,0,0,0,1,Scripts/build_procmap_assets.py,Materiales y datos del mapa procedural creados por script
M_ProcFlat,/Game/ProcMap/Materials/M_ProcFlat,Material,Material,final,,,,,/Game/ProcMap/Materials,Script,Mokius,"indirecto: MI_ProcLava, MI_ProcRock, MI_ProcWood",0,0,4,0,Scripts/build_procmap_assets.py,Materiales y datos del mapa procedural creados por script
M_ProcFoliage,/Game/ProcMap/Materials/M_ProcFoliage,Material,Material,final,,,,,/Game/ProcMap/Materials,Script,Mokius,indirecto: DA_ProcMapSettings + código,0,0,1,1,Scripts/build_procmap_assets.py,Materiales y datos del mapa procedural creados por script
M_ProcFXCloud,/Game/ProcMap/Materials/M_ProcFXCloud,Material,Material,final,,,,,/Game/ProcMap/Materials,Script,Mokius,código C++,0,0,0,1,Scripts/build_procmap_assets.py,Materiales y datos del mapa procedural creados por script
M_ProcFXHard,/Game/ProcMap/Materials/M_ProcFXHard,Material,Material,final,,,,,/Game/ProcMap/Materials,Script,Mokius,código C++,0,0,0,1,Scripts/build_procmap_assets.py,Materiales y datos del mapa procedural creados por script
M_ProcFXSoft,/Game/ProcMap/Materials/M_ProcFXSoft,Material,Material,final,,,,,/Game/ProcMap/Materials,Script,Mokius,"1 (0 mapas, 1 BP) + código",0,1,0,1,Scripts/build_procmap_assets.py,Materiales y datos del mapa procedural creados por script
M_ProcGlow,/Game/ProcMap/Materials/M_ProcGlow,Material,Material,final,,,,,/Game/ProcMap/Materials,Script,Mokius,código C++,0,0,0,1,Scripts/build_procmap_assets.py,Materiales y datos del mapa procedural creados por script
M_ProcStormVeil,/Game/ProcMap/Materials/M_ProcStormVeil,Material,Material,final,,,,,/Game/ProcMap/Materials,Script,Mokius,código C++,0,0,0,1,Scripts/build_procmap_assets.py,Materiales y datos del mapa procedural creados por script
M_ProcTerrain,/Game/ProcMap/Materials/M_ProcTerrain,Material,Material,final,,,,,/Game/ProcMap/Materials,Script,Mokius,indirecto: DA_ProcMapSettings + código,0,0,1,1,Scripts/build_procmap_assets.py,Materiales y datos del mapa procedural creados por script
M_ProcWater,/Game/ProcMap/Materials/M_ProcWater,Material,Material,final,,,,,/Game/ProcMap/Materials,Script,Mokius,indirecto: MI_ProcSea,0,0,1,0,Scripts/build_procmap_assets.py,Materiales y datos del mapa procedural creados por script
M_ProcWaterAnim,/Game/ProcMap/Materials/M_ProcWaterAnim,Material,Material,final,,,,,/Game/ProcMap/Materials,Script,Mokius,"indirecto: MI_ProcSeaAnim, MI_ProcSlideWaterAnim",0,0,2,0,Scripts/build_procmap_assets.py,Materiales y datos del mapa procedural creados por script
MI_ProcLava,/Game/ProcMap/Materials/MI_ProcLava,MaterialInstanceConstant,Instancia de material,final,,,,,/Game/ProcMap/Materials,Script,Mokius,indirecto: DA_ProcMapSettings,0,0,1,0,Scripts/build_procmap_assets.py,Materiales y datos del mapa procedural creados por script
MI_ProcRock,/Game/ProcMap/Materials/MI_ProcRock,MaterialInstanceConstant,Instancia de material,final,,,,,/Game/ProcMap/Materials,Script,Mokius,indirecto: DA_ProcMapSettings,0,0,1,0,Scripts/build_procmap_assets.py,Materiales y datos del mapa procedural creados por script
MI_ProcSea,/Game/ProcMap/Materials/MI_ProcSea,MaterialInstanceConstant,Instancia de material,final,,,,,/Game/ProcMap/Materials,Script,Mokius,"7 (0 mapas, 7 BP) + código",0,7,0,1,Scripts/build_procmap_assets.py,Materiales y datos del mapa procedural creados por script
MI_ProcSeaAnim,/Game/ProcMap/Materials/MI_ProcSeaAnim,MaterialInstanceConstant,Instancia de material,final,,,,,/Game/ProcMap/Materials,Script,Mokius,indirecto: DA_ProcMapSettings + código,0,0,1,1,Scripts/build_procmap_assets.py,Materiales y datos del mapa procedural creados por script
MI_ProcSlideWater,/Game/ProcMap/Materials/MI_ProcSlideWater,MaterialInstanceConstant,Instancia de material,deprecado,Sin usar y pendiente de la limpieza (#31),,,,/Game/ProcMap/Materials,Script,Mokius,sin usar,0,0,0,0,Scripts/build_procmap_assets.py,Materiales y datos del mapa procedural creados por script · Pendiente: #31
MI_ProcSlideWaterAnim,/Game/ProcMap/Materials/MI_ProcSlideWaterAnim,MaterialInstanceConstant,Instancia de material,final,,,,,/Game/ProcMap/Materials,Script,Mokius,indirecto: DA_ProcMapSettings,0,0,1,0,Scripts/build_procmap_assets.py,Materiales y datos del mapa procedural creados por script
MI_ProcWood,/Game/ProcMap/Materials/MI_ProcWood,MaterialInstanceConstant,Instancia de material,final,,,,,/Game/ProcMap/Materials,Script,Mokius,"1 (0 mapas, 1 BP)",0,1,1,0,Scripts/build_procmap_assets.py,Materiales y datos del mapa procedural creados por script
SM_M_Mapa01_r0c0,/Game/Terrain/Volumes/Mapa01/Meshes/SM_M_Mapa01_r0c0,StaticMesh,Malla,final,,3144,10044x10187x2644,,/Game/Terrain/Volumes/Mapa01/Meshes,Script,SkiTemplar (Rodrigo),"1 (1 mapas, 0 BP)",1,0,0,0,Scripts/gen_terrain_volume.py,Terreno generado e importado por import_terrain_mesh.py
SM_M_Mapa01_r0c1,/Game/Terrain/Volumes/Mapa01/Meshes/SM_M_Mapa01_r0c1,StaticMesh,Malla,final,,3157,10000x10000x2467,,/Game/Terrain/Volumes/Mapa01/Meshes,Script,SkiTemplar (Rodrigo),"1 (1 mapas, 0 BP)",1,0,0,0,Scripts/gen_terrain_volume.py,Terreno generado e importado por import_terrain_mesh.py
SM_M_Mapa01_r0c2,/Game/Terrain/Volumes/Mapa01/Meshes/SM_M_Mapa01_r0c2,StaticMesh,Malla,final,,1801,10000x10000x2272,,/Game/Terrain/Volumes/Mapa01/Meshes,Script,SkiTemplar (Rodrigo),"1 (1 mapas, 0 BP)",1,0,0,0,Scripts/gen_terrain_volume.py,Terreno generado e importado por import_terrain_mesh.py
SM_M_Mapa01_r0c3,/Game/Terrain/Volumes/Mapa01/Meshes/SM_M_Mapa01_r0c3,StaticMesh,Malla,final,,2528,10000x10000x2763,,/Game/Terrain/Volumes/Mapa01/Meshes,Script,SkiTemplar (Rodrigo),"1 (1 mapas, 0 BP)",1,0,0,0,Scripts/gen_terrain_volume.py,Terreno generado e importado por import_terrain_mesh.py
SM_M_Mapa01_r0c4,/Game/Terrain/Volumes/Mapa01/Meshes/SM_M_Mapa01_r0c4,StaticMesh,Malla,final,,1122,10000x10000x2822,,/Game/Terrain/Volumes/Mapa01/Meshes,Script,SkiTemplar (Rodrigo),"1 (1 mapas, 0 BP)",1,0,0,0,Scripts/gen_terrain_volume.py,Terreno generado e importado por import_terrain_mesh.py
SM_M_Mapa01_r0c5,/Game/Terrain/Volumes/Mapa01/Meshes/SM_M_Mapa01_r0c5,StaticMesh,Malla,final,,851,10000x10000x3062,,/Game/Terrain/Volumes/Mapa01/Meshes,Script,SkiTemplar (Rodrigo),"1 (1 mapas, 0 BP)",1,0,0,0,Scripts/gen_terrain_volume.py,Terreno generado e importado por import_terrain_mesh.py
SM_M_Mapa01_r1c0,/Game/Terrain/Volumes/Mapa01/Meshes/SM_M_Mapa01_r1c0,StaticMesh,Malla,final,,3009,10000x10000x2517,,/Game/Terrain/Volumes/Mapa01/Meshes,Script,SkiTemplar (Rodrigo),"1 (1 mapas, 0 BP)",1,0,0,0,Scripts/gen_terrain_volume.py,Terreno generado e importado por import_terrain_mesh.py
SM_M_Mapa01_r1c1,/Game/Terrain/Volumes/Mapa01/Meshes/SM_M_Mapa01_r1c1,StaticMesh,Malla,final,,3650,10000x10000x2398,,/Game/Terrain/Volumes/Mapa01/Meshes,Script,SkiTemplar (Rodrigo),"1 (1 mapas, 0 BP)",1,0,0,0,Scripts/gen_terrain_volume.py,Terreno generado e importado por import_terrain_mesh.py
SM_M_Mapa01_r1c2,/Game/Terrain/Volumes/Mapa01/Meshes/SM_M_Mapa01_r1c2,StaticMesh,Malla,final,,3222,10000x10000x2940,,/Game/Terrain/Volumes/Mapa01/Meshes,Script,SkiTemplar (Rodrigo),"1 (1 mapas, 0 BP)",1,0,0,0,Scripts/gen_terrain_volume.py,Terreno generado e importado por import_terrain_mesh.py
SM_M_Mapa01_r1c3,/Game/Terrain/Volumes/Mapa01/Meshes/SM_M_Mapa01_r1c3,StaticMesh,Malla,final,,3696,10000x10000x3013,,/Game/Terrain/Volumes/Mapa01/Meshes,Script,SkiTemplar (Rodrigo),"1 (1 mapas, 0 BP)",1,0,0,0,Scripts/gen_terrain_volume.py,Terreno generado e importado por import_terrain_mesh.py
SM_M_Mapa01_r1c4,/Game/Terrain/Volumes/Mapa01/Meshes/SM_M_Mapa01_r1c4,StaticMesh,Malla,final,,2159,10000x10000x3720,,/Game/Terrain/Volumes/Mapa01/Meshes,Script,SkiTemplar (Rodrigo),"1 (1 mapas, 0 BP)",1,0,0,0,Scripts/gen_terrain_volume.py,Terreno generado e importado por import_terrain_mesh.py
SM_M_Mapa01_r1c5,/Game/Terrain/Volumes/Mapa01/Meshes/SM_M_Mapa01_r1c5,StaticMesh,Malla,final,,584,10000x10000x2526,,/Game/Terrain/Volumes/Mapa01/Meshes,Script,SkiTemplar (Rodrigo),"1 (1 mapas, 0 BP)",1,0,0,0,Scripts/gen_terrain_volume.py,Terreno generado e importado por import_terrain_mesh.py
SM_M_Mapa01_r2c0,/Game/Terrain/Volumes/Mapa01/Meshes/SM_M_Mapa01_r2c0,StaticMesh,Malla,final,,936,10000x10000x2434,,/Game/Terrain/Volumes/Mapa01/Meshes,Script,SkiTemplar (Rodrigo),"1 (1 mapas, 0 BP)",1,0,0,0,Scripts/gen_terrain_volume.py,Terreno generado e importado por import_terrain_mesh.py
SM_M_Mapa01_r2c1,/Game/Terrain/Volumes/Mapa01/Meshes/SM_M_Mapa01_r2c1,StaticMesh,Malla,final,,1575,10000x10000x2098,,/Game/Terrain/Volumes/Mapa01/Meshes,Script,SkiTemplar (Rodrigo),"1 (1 mapas, 0 BP)",1,0,0,0,Scripts/gen_terrain_volume.py,Terreno generado e importado por import_terrain_mesh.py
SM_M_Mapa01_r2c2,/Game/Terrain/Volumes/Mapa01/Meshes/SM_M_Mapa01_r2c2,StaticMesh,Malla,final,,1685,10000x10000x2284,,/Game/Terrain/Volumes/Mapa01/Meshes,Script,SkiTemplar (Rodrigo),"1 (1 mapas, 0 BP)",1,0,0,0,Scripts/gen_terrain_volume.py,Terreno generado e importado por import_terrain_mesh.py
SM_M_Mapa01_r2c3,/Game/Terrain/Volumes/Mapa01/Meshes/SM_M_Mapa01_r2c3,StaticMesh,Malla,final,,1763,10000x10000x2167,,/Game/Terrain/Volumes/Mapa01/Meshes,Script,SkiTemplar (Rodrigo),"1 (1 mapas, 0 BP)",1,0,0,0,Scripts/gen_terrain_volume.py,Terreno generado e importado por import_terrain_mesh.py
SM_M_Mapa01_r2c4,/Game/Terrain/Volumes/Mapa01/Meshes/SM_M_Mapa01_r2c4,StaticMesh,Malla,final,,255,10000x10000x934,,/Game/Terrain/Volumes/Mapa01/Meshes,Script,SkiTemplar (Rodrigo),"1 (1 mapas, 0 BP)",1,0,0,0,Scripts/gen_terrain_volume.py,Terreno generado e importado por import_terrain_mesh.py
SM_M_Mapa01_r2c5,/Game/Terrain/Volumes/Mapa01/Meshes/SM_M_Mapa01_r2c5,StaticMesh,Malla,final,,412,10000x10000x2491,,/Game/Terrain/Volumes/Mapa01/Meshes,Script,SkiTemplar (Rodrigo),"1 (1 mapas, 0 BP)",1,0,0,0,Scripts/gen_terrain_volume.py,Terreno generado e importado por import_terrain_mesh.py
SM_M_Mapa01_r3c0,/Game/Terrain/Volumes/Mapa01/Meshes/SM_M_Mapa01_r3c0,StaticMesh,Malla,final,,364,10000x10000x1052,,/Game/Terrain/Volumes/Mapa01/Meshes,Script,SkiTemplar (Rodrigo),"1 (1 mapas, 0 BP)",1,0,0,0,Scripts/gen_terrain_volume.py,Terreno generado e importado por import_terrain_mesh.py
SM_M_Mapa01_r3c1,/Game/Terrain/Volumes/Mapa01/Meshes/SM_M_Mapa01_r3c1,StaticMesh,Malla,final,,392,10000x10000x872,,/Game/Terrain/Volumes/Mapa01/Meshes,Script,SkiTemplar (Rodrigo),"1 (1 mapas, 0 BP)",1,0,0,0,Scripts/gen_terrain_volume.py,Terreno generado e importado por import_terrain_mesh.py
SM_M_Mapa01_r3c2,/Game/Terrain/Volumes/Mapa01/Meshes/SM_M_Mapa01_r3c2,StaticMesh,Malla,final,,413,10000x10000x2185,,/Game/Terrain/Volumes/Mapa01/Meshes,Script,SkiTemplar (Rodrigo),"1 (1 mapas, 0 BP)",1,0,0,0,Scripts/gen_terrain_volume.py,Terreno generado e importado por import_terrain_mesh.py
SM_M_Mapa01_r3c3,/Game/Terrain/Volumes/Mapa01/Meshes/SM_M_Mapa01_r3c3,StaticMesh,Malla,final,,700,10000x10000x1723,,/Game/Terrain/Volumes/Mapa01/Meshes,Script,SkiTemplar (Rodrigo),"1 (1 mapas, 0 BP)",1,0,0,0,Scripts/gen_terrain_volume.py,Terreno generado e importado por import_terrain_mesh.py
SM_M_Mapa01_r3c4,/Game/Terrain/Volumes/Mapa01/Meshes/SM_M_Mapa01_r3c4,StaticMesh,Malla,final,,278,10000x10000x452,,/Game/Terrain/Volumes/Mapa01/Meshes,Script,SkiTemplar (Rodrigo),"1 (1 mapas, 0 BP)",1,0,0,0,Scripts/gen_terrain_volume.py,Terreno generado e importado por import_terrain_mesh.py
SM_M_Mapa01_r3c5,/Game/Terrain/Volumes/Mapa01/Meshes/SM_M_Mapa01_r3c5,StaticMesh,Malla,final,,304,10000x10000x2179,,/Game/Terrain/Volumes/Mapa01/Meshes,Script,SkiTemplar (Rodrigo),"1 (1 mapas, 0 BP)",1,0,0,0,Scripts/gen_terrain_volume.py,Terreno generado e importado por import_terrain_mesh.py
SM_M_Mapa01_r4c0,/Game/Terrain/Volumes/Mapa01/Meshes/SM_M_Mapa01_r4c0,StaticMesh,Malla,final,,459,10000x10000x1535,,/Game/Terrain/Volumes/Mapa01/Meshes,Script,SkiTemplar (Rodrigo),"1 (1 mapas, 0 BP)",1,0,0,0,Scripts/gen_terrain_volume.py,Terreno generado e importado por import_terrain_mesh.py
SM_M_Mapa01_r4c1,/Game/Terrain/Volumes/Mapa01/Meshes/SM_M_Mapa01_r4c1,StaticMesh,Malla,final,,377,10000x10000x1414,,/Game/Terrain/Volumes/Mapa01/Meshes,Script,SkiTemplar (Rodrigo),"1 (1 mapas, 0 BP)",1,0,0,0,Scripts/gen_terrain_volume.py,Terreno generado e importado por import_terrain_mesh.py
SM_M_Mapa01_r4c2,/Game/Terrain/Volumes/Mapa01/Meshes/SM_M_Mapa01_r4c2,StaticMesh,Malla,final,,619,10000x10000x2316,,/Game/Terrain/Volumes/Mapa01/Meshes,Script,SkiTemplar (Rodrigo),"1 (1 mapas, 0 BP)",1,0,0,0,Scripts/gen_terrain_volume.py,Terreno generado e importado por import_terrain_mesh.py
SM_M_Mapa01_r4c3,/Game/Terrain/Volumes/Mapa01/Meshes/SM_M_Mapa01_r4c3,StaticMesh,Malla,final,,402,10000x10000x940,,/Game/Terrain/Volumes/Mapa01/Meshes,Script,SkiTemplar (Rodrigo),"1 (1 mapas, 0 BP)",1,0,0,0,Scripts/gen_terrain_volume.py,Terreno generado e importado por import_terrain_mesh.py
SM_M_Mapa01_r4c4,/Game/Terrain/Volumes/Mapa01/Meshes/SM_M_Mapa01_r4c4,StaticMesh,Malla,final,,256,10000x10000x508,,/Game/Terrain/Volumes/Mapa01/Meshes,Script,SkiTemplar (Rodrigo),"1 (1 mapas, 0 BP)",1,0,0,0,Scripts/gen_terrain_volume.py,Terreno generado e importado por import_terrain_mesh.py
SM_M_Mapa01_r4c5,/Game/Terrain/Volumes/Mapa01/Meshes/SM_M_Mapa01_r4c5,StaticMesh,Malla,final,,479,10000x10000x2526,,/Game/Terrain/Volumes/Mapa01/Meshes,Script,SkiTemplar (Rodrigo),"1 (1 mapas, 0 BP)",1,0,0,0,Scripts/gen_terrain_volume.py,Terreno generado e importado por import_terrain_mesh.py
SM_M_Mapa01_r5c0,/Game/Terrain/Volumes/Mapa01/Meshes/SM_M_Mapa01_r5c0,StaticMesh,Malla,final,,255,10000x10000x2216,,/Game/Terrain/Volumes/Mapa01/Meshes,Script,SkiTemplar (Rodrigo),"1 (1 mapas, 0 BP)",1,0,0,0,Scripts/gen_terrain_volume.py,Terreno generado e importado por import_terrain_mesh.py
SM_M_Mapa01_r5c1,/Game/Terrain/Volumes/Mapa01/Meshes/SM_M_Mapa01_r5c1,StaticMesh,Malla,final,,256,10000x10000x2091,,/Game/Terrain/Volumes/Mapa01/Meshes,Script,SkiTemplar (Rodrigo),"1 (1 mapas, 0 BP)",1,0,0,0,Scripts/gen_terrain_volume.py,Terreno generado e importado por import_terrain_mesh.py
SM_M_Mapa01_r5c2,/Game/Terrain/Volumes/Mapa01/Meshes/SM_M_Mapa01_r5c2,StaticMesh,Malla,final,,256,10000x10000x1821,,/Game/Terrain/Volumes/Mapa01/Meshes,Script,SkiTemplar (Rodrigo),"1 (1 mapas, 0 BP)",1,0,0,0,Scripts/gen_terrain_volume.py,Terreno generado e importado por import_terrain_mesh.py
SM_M_Mapa01_r5c3,/Game/Terrain/Volumes/Mapa01/Meshes/SM_M_Mapa01_r5c3,StaticMesh,Malla,final,,255,10000x10000x1253,,/Game/Terrain/Volumes/Mapa01/Meshes,Script,SkiTemplar (Rodrigo),"1 (1 mapas, 0 BP)",1,0,0,0,Scripts/gen_terrain_volume.py,Terreno generado e importado por import_terrain_mesh.py
SM_M_Mapa01_r5c4,/Game/Terrain/Volumes/Mapa01/Meshes/SM_M_Mapa01_r5c4,StaticMesh,Malla,final,,255,10000x10000x984,,/Game/Terrain/Volumes/Mapa01/Meshes,Script,SkiTemplar (Rodrigo),"1 (1 mapas, 0 BP)",1,0,0,0,Scripts/gen_terrain_volume.py,Terreno generado e importado por import_terrain_mesh.py
SM_M_Mapa01_r5c5,/Game/Terrain/Volumes/Mapa01/Meshes/SM_M_Mapa01_r5c5,StaticMesh,Malla,final,,259,10000x10000x2207,,/Game/Terrain/Volumes/Mapa01/Meshes,Script,SkiTemplar (Rodrigo),"1 (1 mapas, 0 BP)",1,0,0,0,Scripts/gen_terrain_volume.py,Terreno generado e importado por import_terrain_mesh.py
T_TerrainFloorN,/Game/Textures/Terrain/T_TerrainFloorN,Texture2D,Textura,final,,,,,/Game/Textures/Terrain,Script,SkiTemplar (Rodrigo),indirecto: M_GridTerrainWet,0,0,1,0,Scripts/gen_terrain_textures.py,Texturas de detalle del terreno generadas por script
T_TerrainGrain,/Game/Textures/Terrain/T_TerrainGrain,Texture2D,Textura,final,,,,,/Game/Textures/Terrain,Script,SkiTemplar (Rodrigo),"indirecto: M_GridTerrain, M_GridTerrainWet",0,0,2,0,Scripts/gen_terrain_textures.py,Texturas de detalle del terreno generadas por script
T_TerrainWallN,/Game/Textures/Terrain/T_TerrainWallN,Texture2D,Textura,final,,,,,/Game/Textures/Terrain,Script,SkiTemplar (Rodrigo),indirecto: M_GridTerrainWet,0,0,1,0,Scripts/gen_terrain_textures.py,Texturas de detalle del terreno generadas por script
M_UI_RadialWheel,/Game/UI/HUD/M_UI_RadialWheel,Material,Material,final,,,,,/Game/UI/HUD,Script,Mokius,código C++,0,0,0,1,Scripts/build_ui_assets.py,Materiales del HUD creados por script
M_UI_TurtleBadge,/Game/UI/HUD/M_UI_TurtleBadge,Material,Material,final,,,,,/Game/UI/HUD,Script,Mokius,código C++,0,0,0,1,Scripts/build_ui_assets.py,Materiales del HUD creados por script
M_UI_Preview,/Game/UI/Shop/M_UI_Preview,Material,Material,final,,,,,/Game/UI/Shop,Script,Mokius,código C++,0,0,0,1,Scripts/build_cosmetics.py,Material de la vista previa de la tienda creado por script
Drunk_Run_Forward,/Game/Animations/Character/TortugaDemo/Anim/Drunk_Run_Forward,AnimSequence,Animación,placeholder,Animación de la tortuga de demo,,,1.30,/Game/Animations/Character/TortugaDemo/Anim,Motor o plantilla,Alvaro2rh,indirecto: ABS_Walk,0,0,1,0,,Animaciones de Mixamo (biblioteca externa) de la tortuga de demo
Old_Man_Idle,/Game/Animations/Character/TortugaDemo/Anim/Old_Man_Idle,AnimSequence,Animación,placeholder,Animación de la tortuga de demo,,,12.17,/Game/Animations/Character/TortugaDemo/Anim,Motor o plantilla,Alvaro2rh,indirecto: ABS_Walk + código,0,0,1,1,,Animaciones de Mixamo (biblioteca externa) de la tortuga de demo
Salute,/Game/Animations/Character/TortugaDemo/Anim/Salute,AnimSequence,Animación,placeholder,Animación de la tortuga de demo,,,2.83,/Game/Animations/Character/TortugaDemo/Anim,Motor o plantilla,Alvaro2rh,"1 (1 mapas, 0 BP) + código",1,0,1,1,,Animaciones de Mixamo (biblioteca externa) de la tortuga de demo
Walking,/Game/Animations/Character/TortugaDemo/Anim/Walking,AnimSequence,Animación,placeholder,Animación de la tortuga de demo,,,0.97,/Game/Animations/Character/TortugaDemo/Anim,Motor o plantilla,Alvaro2rh,indirecto: ABS_Walk + código,0,0,1,1,,Animaciones de Mixamo (biblioteca externa) de la tortuga de demo
Yelling,/Game/Animations/Character/TortugaDemo/Anim/Yelling,AnimSequence,Animación,placeholder,Animación de la tortuga de demo,,,7.83,/Game/Animations/Character/TortugaDemo/Anim,Motor o plantilla,Alvaro2rh,"1 (1 mapas, 0 BP) + código",1,0,1,1,,Animaciones de Mixamo (biblioteca externa) de la tortuga de demo
DirtRoad_Mono_01,/Game/Audio/EffectSounds/FootstepsMiniPack/SoundWav/DirtRoad_Mono_01,SoundWave,Sonido,placeholder,Contenido de plantilla o externo (origen Motor o plantilla),,,0.62,/Game/Audio/EffectSounds/FootstepsMiniPack/SoundWav,Motor o plantilla,MiguelilloElPillo,indirecto: SandAudio,0,0,1,0,,Pack externo de pasos; licencia sin registrar
DirtRoad_Mono_02,/Game/Audio/EffectSounds/FootstepsMiniPack/SoundWav/DirtRoad_Mono_02,SoundWave,Sonido,placeholder,Contenido de plantilla o externo (origen Motor o plantilla),,,0.62,/Game/Audio/EffectSounds/FootstepsMiniPack/SoundWav,Motor o plantilla,MiguelilloElPillo,indirecto: SandAudio,0,0,1,0,,Pack externo de pasos; licencia sin registrar
DirtRoad_Mono_03,/Game/Audio/EffectSounds/FootstepsMiniPack/SoundWav/DirtRoad_Mono_03,SoundWave,Sonido,placeholder,Contenido de plantilla o externo (origen Motor o plantilla),,,0.62,/Game/Audio/EffectSounds/FootstepsMiniPack/SoundWav,Motor o plantilla,MiguelilloElPillo,indirecto: SandAudio,0,0,1,0,,Pack externo de pasos; licencia sin registrar
DirtRoad_Mono_04,/Game/Audio/EffectSounds/FootstepsMiniPack/SoundWav/DirtRoad_Mono_04,SoundWave,Sonido,placeholder,Contenido de plantilla o externo (origen Motor o plantilla),,,0.62,/Game/Audio/EffectSounds/FootstepsMiniPack/SoundWav,Motor o plantilla,MiguelilloElPillo,indirecto: SandAudio,0,0,1,0,,Pack externo de pasos; licencia sin registrar
DirtRoad_Mono_05,/Game/Audio/EffectSounds/FootstepsMiniPack/SoundWav/DirtRoad_Mono_05,SoundWave,Sonido,placeholder,Contenido de plantilla o externo (origen Motor o plantilla),,,0.62,/Game/Audio/EffectSounds/FootstepsMiniPack/SoundWav,Motor o plantilla,MiguelilloElPillo,indirecto: SandAudio,0,0,1,0,,Pack externo de pasos; licencia sin registrar
SandAudio,/Game/Audio/EffectSounds/FootstepsMiniPack/SoundWav/SandAudio,SoundCue,Sonido,placeholder,Contenido de plantilla o externo (origen Motor o plantilla),,,0.62,/Game/Audio/EffectSounds/FootstepsMiniPack/SoundWav,Motor o plantilla,MiguelilloElPillo,"2 (0 mapas, 2 BP)",0,2,0,0,,Pack externo de pasos; licencia sin registrar
